"id","name","body_part","target","muscle_group","secondary_muscles","equipment","gif_path","gif_bytes","thumbnail_path","has_spanish_instructions","attribution"
"0001","3/4 sit-up","waist","abs","hip flexors","hip flexors; lower back","body weight","videos/0001-2gPfomN.gif","92828","images/0001-2gPfomN.jpg","true","© Gym visual — https://gymvisual.com/"
"0002","45° side bend","waist","abs","obliques","obliques","body weight","videos/0002-Hy9D21L.gif","100546","images/0002-Hy9D21L.jpg","true","© Gym visual — https://gymvisual.com/"
"0003","air bike","waist","abs","hip flexors","hip flexors","body weight","videos/0003-1ZFqTDN.gif","163534","images/0003-1ZFqTDN.jpg","true","© Gym visual — https://gymvisual.com/"
"1512","all fours squad stretch","upper legs","quads","hamstrings","hamstrings; glutes","body weight","videos/1512-qBcKorM.gif","86664","images/1512-qBcKorM.jpg","true","© Gym visual — https://gymvisual.com/"
"0006","alternate heel touchers","waist","abs","obliques","obliques","body weight","videos/0006-qaZVsGk.gif","105290","images/0006-qaZVsGk.jpg","true","© Gym visual — https://gymvisual.com/"
"0007","alternate lateral pulldown","back","lats","biceps","biceps; rhomboids","cable","videos/0007-4IKbhHV.gif","67241","images/0007-4IKbhHV.jpg","true","© Gym visual — https://gymvisual.com/"
"1368","ankle circles","lower legs","calves","ankle stabilizers","ankle stabilizers","body weight","videos/1368-uL9CsKm.gif","67960","images/1368-uL9CsKm.jpg","true","© Gym visual — https://gymvisual.com/"
"3293","archer pull up","back","lats","biceps","biceps; forearms","body weight","videos/3293-72BC5Za.gif","64930","images/3293-72BC5Za.jpg","true","© Gym visual — https://gymvisual.com/"
"3294","archer push up","chest","pectorals","triceps","triceps; shoulders; core","body weight","videos/3294-A9qxk2F.gif","183901","images/3294-A9qxk2F.jpg","true","© Gym visual — https://gymvisual.com/"
"2355","arm slingers hanging bent knee legs","waist","abs","shoulders","shoulders; back","body weight","videos/2355-uWpxD4v.gif","106946","images/2355-uWpxD4v.jpg","true","© Gym visual — https://gymvisual.com/"
"2333","arm slingers hanging straight legs","waist","abs","shoulders","shoulders; back","body weight","videos/2333-PXTIwgu.gif","108431","images/2333-PXTIwgu.jpg","true","© Gym visual — https://gymvisual.com/"
"3214","arms apart circular toe touch (male)","upper legs","glutes","hamstrings","hamstrings; quadriceps; calves","body weight","videos/3214-RtyAsy1.gif","191860","images/3214-RtyAsy1.jpg","true","© Gym visual — https://gymvisual.com/"
"3204","arms overhead full sit-up (male)","waist","abs","hip flexors","hip flexors; lower back","body weight","videos/3204-NAkmgdx.gif","47573","images/3204-NAkmgdx.jpg","true","© Gym visual — https://gymvisual.com/"
"0009","assisted chest dip (kneeling)","chest","pectorals","triceps","triceps; shoulders","leverage machine","videos/0009-PAgTVaK.gif","83331","images/0009-PAgTVaK.jpg","true","© Gym visual — https://gymvisual.com/"
"0011","assisted hanging knee raise","waist","abs","hip flexors","hip flexors","assisted","videos/0011-03lzqwk.gif","109751","images/0011-03lzqwk.jpg","true","© Gym visual — https://gymvisual.com/"
"0010","assisted hanging knee raise with throw down","waist","abs","hip flexors","hip flexors; lower back","assisted","videos/0010-8K0w2yA.gif","106309","images/0010-8K0w2yA.jpg","true","© Gym visual — https://gymvisual.com/"
"1708","assisted lying calves stretch","lower legs","calves","hamstrings","hamstrings","assisted","videos/1708-GxDwDX0.gif","88547","images/1708-GxDwDX0.jpg","true","© Gym visual — https://gymvisual.com/"
"1709","assisted lying glutes stretch","upper legs","glutes","hamstrings","hamstrings","assisted","videos/1709-yn0LjwL.gif","99762","images/1709-yn0LjwL.jpg","true","© Gym visual — https://gymvisual.com/"
"1710","assisted lying gluteus and piriformis stretch","upper legs","glutes","hamstrings","hamstrings","assisted","videos/1710-RQNVT10.gif","93201","images/1710-RQNVT10.jpg","true","© Gym visual — https://gymvisual.com/"
"0012","assisted lying leg raise with lateral throw down","waist","abs","hip flexors","hip flexors; obliques","assisted","videos/0012-UGhRD1A.gif","89932","images/0012-UGhRD1A.jpg","true","© Gym visual — https://gymvisual.com/"
"0013","assisted lying leg raise with throw down","waist","abs","hip flexors","hip flexors; quadriceps","assisted","videos/0013-VX5YKR5.gif","95394","images/0013-VX5YKR5.jpg","true","© Gym visual — https://gymvisual.com/"
"0014","assisted motion russian twist","waist","abs","obliques","obliques; lower back","medicine ball","videos/0014-r7cT9YD.gif","66207","images/0014-r7cT9YD.jpg","true","© Gym visual — https://gymvisual.com/"
"0015","assisted parallel close grip pull-up","back","lats","biceps","biceps; forearms","leverage machine","videos/0015-vrhHa6D.gif","100956","images/0015-vrhHa6D.jpg","true","© Gym visual — https://gymvisual.com/"
"0016","assisted prone hamstring","upper legs","hamstrings","glutes","glutes; lower back","assisted","videos/0016-VedGSby.gif","64268","images/0016-VedGSby.jpg","true","© Gym visual — https://gymvisual.com/"
"1713","assisted prone lying quads stretch","upper legs","quads","hamstrings","hamstrings; glutes","assisted","videos/1713-YUYAMEj.gif","91376","images/1713-YUYAMEj.jpg","true","© Gym visual — https://gymvisual.com/"
"1714","assisted prone rectus femoris stretch","waist","abs","quadriceps","quadriceps","assisted","videos/1714-2Ryn564.gif","90874","images/1714-2Ryn564.jpg","true","© Gym visual — https://gymvisual.com/"
"0017","assisted pull-up","back","lats","biceps","biceps; forearms","leverage machine","videos/0017-kiJ4Z2K.gif","98466","images/0017-kiJ4Z2K.jpg","true","© Gym visual — https://gymvisual.com/"
"1716","assisted seated pectoralis major stretch with stability ball","chest","pectorals","shoulders","shoulders; triceps","assisted","videos/1716-RoV1Rfa.gif","144105","images/1716-RoV1Rfa.jpg","true","© Gym visual — https://gymvisual.com/"
"1712","assisted side lying adductor stretch","upper legs","adductors","hamstrings","hamstrings; glutes","assisted","videos/1712-hC6oYY5.gif","126904","images/1712-hC6oYY5.jpg","true","© Gym visual — https://gymvisual.com/"
"1758","assisted sit-up","waist","abs","hip flexors","hip flexors","assisted","videos/1758-aumB2IV.gif","77733","images/1758-aumB2IV.jpg","true","© Gym visual — https://gymvisual.com/"
"1431","assisted standing chin-up","back","lats","biceps","biceps; forearms","leverage machine","videos/1431-7OeHptV.gif","92687","images/1431-7OeHptV.jpg","true","© Gym visual — https://gymvisual.com/"
"1432","assisted standing pull-up","back","lats","biceps","biceps; forearms","leverage machine","videos/1432-f4xtKBj.gif","83973","images/1432-f4xtKBj.jpg","true","© Gym visual — https://gymvisual.com/"
"0018","assisted standing triceps extension (with towel)","upper arms","triceps","shoulders","shoulders","assisted","videos/0018-7HcfMBP.gif","99457","images/0018-7HcfMBP.jpg","true","© Gym visual — https://gymvisual.com/"
"0019","assisted triceps dip (kneeling)","upper arms","triceps","chest","chest; shoulders","leverage machine","videos/0019-J60bN17.gif","108482","images/0019-J60bN17.jpg","true","© Gym visual — https://gymvisual.com/"
"2364","assisted wide-grip chest dip (kneeling)","chest","pectorals","triceps","triceps; shoulders","leverage machine","videos/2364-PnZJIrk.gif","87109","images/2364-PnZJIrk.jpg","true","© Gym visual — https://gymvisual.com/"
"3220","astride jumps (male)","cardio","cardiovascular system","quadriceps","quadriceps; hamstrings; calves","body weight","videos/3220-f9lVSSI.gif","134164","images/3220-f9lVSSI.jpg","true","© Gym visual — https://gymvisual.com/"
"3672","back and forth step","cardio","cardiovascular system","quadriceps","quadriceps; hamstrings; glutes; calves","body weight","videos/3672-fNGumX0.gif","173160","images/3672-fNGumX0.jpg","true","© Gym visual — https://gymvisual.com/"
"1314","back extension on exercise ball","back","spine","glutes","glutes; hamstrings","stability ball","videos/1314-qLpO4vV.gif","82942","images/1314-qLpO4vV.jpg","true","© Gym visual — https://gymvisual.com/"
"3297","back lever","back","upper back","biceps","biceps; forearms; core","body weight","videos/3297-GaSzzuh.gif","84531","images/3297-GaSzzuh.jpg","true","© Gym visual — https://gymvisual.com/"
"1405","back pec stretch","back","lats","shoulders","shoulders; chest","body weight","videos/1405-chfnQnM.gif","59201","images/1405-chfnQnM.jpg","true","© Gym visual — https://gymvisual.com/"
"1473","backward jump","upper legs","quads","hamstrings","hamstrings; glutes; calves","body weight","videos/1473-SaDOwk7.gif","94769","images/1473-SaDOwk7.jpg","true","© Gym visual — https://gymvisual.com/"
"0020","balance board","upper legs","quads","calves","calves; hamstrings; glutes","body weight","videos/0020-xAySMB0.gif","73120","images/0020-xAySMB0.jpg","true","© Gym visual — https://gymvisual.com/"
"0968","band alternating biceps curl","upper arms","biceps","forearms","forearms","band","videos/0968-3omWx6P.gif","78517","images/0968-3omWx6P.jpg","true","© Gym visual — https://gymvisual.com/"
"0969","band alternating v-up","waist","abs","hip flexors","hip flexors","band","videos/0969-ztAa1RK.gif","86272","images/0969-ztAa1RK.jpg","true","© Gym visual — https://gymvisual.com/"
"0970","band assisted pull-up","back","lats","biceps","biceps; forearms","band","videos/0970-r1XNRYB.gif","73407","images/0970-r1XNRYB.jpg","true","© Gym visual — https://gymvisual.com/"
"0971","band assisted wheel rollerout","waist","abs","lower back","lower back","band","videos/0971-zhF9lW4.gif","78646","images/0971-zhF9lW4.jpg","true","© Gym visual — https://gymvisual.com/"
"1254","band bench press","chest","pectorals","triceps","triceps; shoulders","band","videos/1254-khlHMqs.gif","111810","images/1254-khlHMqs.jpg","true","© Gym visual — https://gymvisual.com/"
"0980","band bent-over hip extension","upper legs","glutes","hamstrings","hamstrings; lower back","band","videos/0980-wSScovH.gif","81977","images/0980-wSScovH.jpg","true","© Gym visual — https://gymvisual.com/"
"0972","band bicycle crunch","waist","abs","hip flexors","hip flexors; obliques","band","videos/0972-tZkGYZ9.gif","75542","images/0972-tZkGYZ9.jpg","true","© Gym visual — https://gymvisual.com/"
"0974","band close-grip pulldown","back","lats","biceps","biceps; forearms","band","videos/0974-DptumMx.gif","62441","images/0974-DptumMx.jpg","true","© Gym visual — https://gymvisual.com/"
"0975","band close-grip push-up","upper arms","triceps","chest","chest; shoulders","band","videos/0975-ufaxB52.gif","90035","images/0975-ufaxB52.jpg","true","© Gym visual — https://gymvisual.com/"
"0976","band concentration curl","upper arms","biceps","forearms","forearms","band","videos/0976-kmVVAfu.gif","169724","images/0976-kmVVAfu.jpg","true","© Gym visual — https://gymvisual.com/"
"3117","band fixed back close grip pulldown","back","lats","biceps","biceps; forearms","band","videos/3117-4LoWllp.gif","64654","images/3117-4LoWllp.jpg","true","© Gym visual — https://gymvisual.com/"
"3116","band fixed back underhand pulldown","back","lats","biceps","biceps; rhomboids; rear deltoids","band","videos/3116-ZH68exZ.gif","65122","images/3116-ZH68exZ.jpg","true","© Gym visual — https://gymvisual.com/"
"0977","band front lateral raise","shoulders","delts","traps","traps; upper back","band","videos/0977-sTg7iys.gif","83795","images/0977-sTg7iys.jpg","true","© Gym visual — https://gymvisual.com/"
"0978","band front raise","shoulders","delts","triceps","triceps; upper back","band","videos/0978-TFA88iB.gif","92075","images/0978-TFA88iB.jpg","true","© Gym visual — https://gymvisual.com/"
"1408","band hip lift","upper legs","glutes","hamstrings","hamstrings; quadriceps","band","videos/1408-E4R8Hz1.gif","120697","images/1408-E4R8Hz1.jpg","true","© Gym visual — https://gymvisual.com/"
"0979","band horizontal pallof press","waist","abs","obliques","obliques; glutes","band","videos/0979-9pa4H5m.gif","80601","images/0979-9pa4H5m.jpg","true","© Gym visual — https://gymvisual.com/"
"0981","band jack knife sit-up","waist","abs","hip flexors","hip flexors","band","videos/0981-KCBKjma.gif","61294","images/0981-KCBKjma.jpg","true","© Gym visual — https://gymvisual.com/"
"0983","band kneeling one arm pulldown","back","lats","biceps","biceps; rhomboids","band","videos/0983-pmnrOp0.gif","71287","images/0983-pmnrOp0.jpg","true","© Gym visual — https://gymvisual.com/"
"0985","band kneeling twisting crunch","waist","abs","obliques","obliques","band","videos/0985-225x2Vd.gif","115600","images/0985-225x2Vd.jpg","true","© Gym visual — https://gymvisual.com/"
"0984","band lying hip internal rotation","upper legs","glutes","hamstrings","hamstrings; quadriceps","band","videos/0984-vIICElP.gif","69519","images/0984-vIICElP.jpg","true","© Gym visual — https://gymvisual.com/"
"1002","band lying straight leg raise","waist","abs","hip flexors","hip flexors","band","videos/1002-bbLR7fB.gif","65787","images/1002-bbLR7fB.jpg","true","© Gym visual — https://gymvisual.com/"
"0986","band one arm overhead biceps curl","upper arms","biceps","forearms","forearms; shoulders","band","videos/0986-UNAB8ak.gif","89447","images/0986-UNAB8ak.jpg","true","© Gym visual — https://gymvisual.com/"
"0987","band one arm single leg split squat","upper legs","quads","glutes","glutes; hamstrings","band","videos/0987-arsYEd3.gif","90656","images/0987-arsYEd3.jpg","true","© Gym visual — https://gymvisual.com/"
"0988","band one arm standing low row","back","upper back","biceps","biceps; shoulders","band","videos/0988-km0sQC0.gif","78645","images/0988-km0sQC0.jpg","true","© Gym visual — https://gymvisual.com/"
"0989","band one arm twisting chest press","chest","pectorals","shoulders","shoulders; triceps","band","videos/0989-c16nYGA.gif","85451","images/0989-c16nYGA.jpg","true","© Gym visual — https://gymvisual.com/"
"0990","band one arm twisting seated row","back","upper back","biceps","biceps; shoulders","band","videos/0990-DKBwJrL.gif","81538","images/0990-DKBwJrL.jpg","true","© Gym visual — https://gymvisual.com/"
"0991","band pull through","upper legs","glutes","hamstrings","hamstrings; lower back","band","videos/0991-VtTbiP3.gif","74514","images/0991-VtTbiP3.jpg","true","© Gym visual — https://gymvisual.com/"
"0992","band push sit-up","waist","abs","shoulders","shoulders; chest","band","videos/0992-zFzbBfL.gif","81234","images/0992-zFzbBfL.jpg","true","© Gym visual — https://gymvisual.com/"
"0993","band reverse fly","shoulders","delts","upper back","upper back; trapezius","band","videos/0993-sTfvVsG.gif","70716","images/0993-sTfvVsG.jpg","true","© Gym visual — https://gymvisual.com/"
"0994","band reverse wrist curl","lower arms","forearms","forearms","forearms","band","videos/0994-Ezpnw9d.gif","124532","images/0994-Ezpnw9d.jpg","true","© Gym visual — https://gymvisual.com/"
"0996","band seated hip internal rotation","upper legs","glutes","hamstrings","hamstrings; quadriceps","band","videos/0996-9gbyYKk.gif","111758","images/0996-9gbyYKk.jpg","true","© Gym visual — https://gymvisual.com/"
"1011","band seated twist","waist","abs","obliques","obliques","band","videos/1011-S1JXDAG.gif","87623","images/1011-S1JXDAG.jpg","true","© Gym visual — https://gymvisual.com/"
"0997","band shoulder press","shoulders","delts","triceps","triceps; upper back","band","videos/0997-peAeMR3.gif","74647","images/0997-peAeMR3.jpg","true","© Gym visual — https://gymvisual.com/"
"1018","band shrug","back","traps","shoulders","shoulders","band","videos/1018-trmte8s.gif","81583","images/1018-trmte8s.jpg","true","© Gym visual — https://gymvisual.com/"
"0998","band side triceps extension","upper arms","triceps","shoulders","shoulders","band","videos/0998-obe5LMq.gif","82921","images/0998-obe5LMq.jpg","true","© Gym visual — https://gymvisual.com/"
"0999","band single leg calf raise","lower legs","calves","ankles","ankles; feet","band","videos/0999-9JprnPh.gif","73386","images/0999-9JprnPh.jpg","true","© Gym visual — https://gymvisual.com/"
"1000","band single leg reverse calf raise","lower legs","calves","hamstrings","hamstrings; glutes","band","videos/1000-QsSQWbf.gif","80041","images/1000-QsSQWbf.jpg","true","© Gym visual — https://gymvisual.com/"
"1001","band single leg split squat","upper legs","quads","glutes","glutes; hamstrings","band","videos/1001-y8bYM8w.gif","83641","images/1001-y8bYM8w.jpg","true","© Gym visual — https://gymvisual.com/"
"1004","band squat","upper legs","glutes","quadriceps","quadriceps; hamstrings; calves","band","videos/1004-TUZLh71.gif","90174","images/1004-TUZLh71.jpg","true","© Gym visual — https://gymvisual.com/"
"1003","band squat row","upper legs","glutes","hamstrings","hamstrings; quadriceps; back","band","videos/1003-w1NOByi.gif","87736","images/1003-w1NOByi.jpg","true","© Gym visual — https://gymvisual.com/"
"1005","band standing crunch","waist","abs","obliques","obliques","band","videos/1005-Kzg30R7.gif","67159","images/1005-Kzg30R7.jpg","true","© Gym visual — https://gymvisual.com/"
"1022","band standing rear delt row","shoulders","delts","trapezius","trapezius; rhomboids; biceps","band","videos/1022-tc5dYrf.gif","63035","images/1022-tc5dYrf.jpg","true","© Gym visual — https://gymvisual.com/"
"1007","band standing twisting crunch","waist","abs","obliques","obliques","band","videos/1007-euq4pwp.gif","69140","images/1007-euq4pwp.jpg","true","© Gym visual — https://gymvisual.com/"
"1008","band step-up","upper legs","glutes","quadriceps","quadriceps; hamstrings; calves","band","videos/1008-d5bTEPV.gif","73840","images/1008-d5bTEPV.jpg","true","© Gym visual — https://gymvisual.com/"
"1009","band stiff leg deadlift","upper legs","glutes","hamstrings","hamstrings; lower back","band","videos/1009-kuMiR2T.gif","72885","images/1009-kuMiR2T.jpg","true","© Gym visual — https://gymvisual.com/"
"1023","band straight back stiff leg deadlift","upper legs","glutes","hamstrings","hamstrings; lower back","band","videos/1023-lHeUULr.gif","73587","images/1023-lHeUULr.jpg","true","© Gym visual — https://gymvisual.com/"
"1010","band straight leg deadlift","back","spine","hamstrings","hamstrings; glutes","band","videos/1010-KUaoUV8.gif","75723","images/1010-KUaoUV8.jpg","true","© Gym visual — https://gymvisual.com/"
"1012","band twisting overhead press","shoulders","delts","triceps","triceps; upper back","band","videos/1012-u4bAmKp.gif","66806","images/1012-u4bAmKp.jpg","true","© Gym visual — https://gymvisual.com/"
"1369","band two legs calf raise - (band under both legs) v. 2","lower legs","calves","ankles","ankles; feet","band","videos/1369-jl6uxZV.gif","78133","images/1369-jl6uxZV.jpg","true","© Gym visual — https://gymvisual.com/"
"1013","band underhand pulldown","back","lats","biceps","biceps; forearms","band","videos/1013-k6tUeqS.gif","59662","images/1013-k6tUeqS.jpg","true","© Gym visual — https://gymvisual.com/"
"1014","band v-up","waist","abs","hip flexors","hip flexors","band","videos/1014-H6ETwO9.gif","57144","images/1014-H6ETwO9.jpg","true","© Gym visual — https://gymvisual.com/"
"1015","band vertical pallof press","waist","abs","obliques","obliques; glutes","band","videos/1015-G7PXMlT.gif","65609","images/1015-G7PXMlT.jpg","true","© Gym visual — https://gymvisual.com/"
"1016","band wrist curl","lower arms","forearms","biceps","biceps; triceps","band","videos/1016-vUTfFHw.gif","134995","images/1016-vUTfFHw.jpg","true","© Gym visual — https://gymvisual.com/"
"1017","band y-raise","shoulders","delts","traps","traps; rhomboids","band","videos/1017-aHDy5O5.gif","79177","images/1017-aHDy5O5.jpg","true","© Gym visual — https://gymvisual.com/"
"0023","barbell alternate biceps curl","upper arms","biceps","forearms","forearms","barbell","videos/0023-Yza7XrQ.gif","84802","images/0023-Yza7XrQ.jpg","true","© Gym visual — https://gymvisual.com/"
"0024","barbell bench front squat","upper legs","quads","hamstrings","hamstrings; glutes; calves","barbell","videos/0024-Y7YcmIJ.gif","98572","images/0024-Y7YcmIJ.jpg","true","© Gym visual — https://gymvisual.com/"
"0025","barbell bench press","chest","pectorals","triceps","triceps; shoulders","barbell","videos/0025-EIeI8Vf.gif","124389","images/0025-EIeI8Vf.jpg","true","© Gym visual — https://gymvisual.com/"
"0026","barbell bench squat","upper legs","quads","glutes","glutes; hamstrings; calves","barbell","videos/0026-W9pFVv1.gif","103154","images/0026-W9pFVv1.jpg","true","© Gym visual — https://gymvisual.com/"
"1316","barbell bent arm pullover","back","lats","triceps","triceps; chest","barbell","videos/1316-cA9FuWG.gif","89273","images/1316-cA9FuWG.jpg","true","© Gym visual — https://gymvisual.com/"
"0027","barbell bent over row","back","upper back","biceps","biceps; forearms","barbell","videos/0027-eZyBC3j.gif","100913","images/0027-eZyBC3j.jpg","true","© Gym visual — https://gymvisual.com/"
"2407","barbell biceps curl (with arm blaster)","upper arms","biceps","forearms","forearms","barbell","videos/2407-aee2Fcj.gif","87120","images/2407-aee2Fcj.jpg","true","© Gym visual — https://gymvisual.com/"
"0028","barbell clean and press","upper legs","quads","hamstrings","hamstrings; glutes; shoulders; triceps","barbell","videos/0028-SGY8Zui.gif","127935","images/0028-SGY8Zui.jpg","true","© Gym visual — https://gymvisual.com/"
"0029","barbell clean-grip front squat","upper legs","glutes","quadriceps","quadriceps; hamstrings; calves; core","barbell","videos/0029-qi996YS.gif","60890","images/0029-qi996YS.jpg","true","© Gym visual — https://gymvisual.com/"
"0030","barbell close-grip bench press","upper arms","triceps","chest","chest; shoulders","barbell","videos/0030-J6Dx1Mu.gif","126293","images/0030-J6Dx1Mu.jpg","true","© Gym visual — https://gymvisual.com/"
"0031","barbell curl","upper arms","biceps","forearms","forearms","barbell","videos/0031-25GPyDY.gif","106020","images/0031-25GPyDY.jpg","true","© Gym visual — https://gymvisual.com/"
"0032","barbell deadlift","upper legs","glutes","hamstrings","hamstrings; lower back","barbell","videos/0032-ila4NZS.gif","83236","images/0032-ila4NZS.jpg","true","© Gym visual — https://gymvisual.com/"
"0033","barbell decline bench press","chest","pectorals","triceps","triceps; shoulders","barbell","videos/0033-GrO65fd.gif","117929","images/0033-GrO65fd.jpg","true","© Gym visual — https://gymvisual.com/"
"0034","barbell decline bent arm pullover","back","lats","triceps","triceps; chest","barbell","videos/0034-hMEptv0.gif","93359","images/0034-hMEptv0.jpg","true","© Gym visual — https://gymvisual.com/"
"0035","barbell decline close grip to skull press","upper arms","triceps","chest","chest; shoulders","barbell","videos/0035-LMGXZn8.gif","110894","images/0035-LMGXZn8.jpg","true","© Gym visual — https://gymvisual.com/"
"1255","barbell decline pullover","chest","pectorals","triceps","triceps; shoulders","barbell","videos/1255-9sgNE2O.gif","95145","images/1255-9sgNE2O.jpg","true","© Gym visual — https://gymvisual.com/"
"0036","barbell decline wide-grip press","chest","pectorals","triceps","triceps; shoulders","barbell","videos/0036-hl8DUh8.gif","124576","images/0036-hl8DUh8.jpg","true","© Gym visual — https://gymvisual.com/"
"0037","barbell decline wide-grip pullover","back","lats","triceps","triceps; chest","barbell","videos/0037-Hj4FOCd.gif","79246","images/0037-Hj4FOCd.jpg","true","© Gym visual — https://gymvisual.com/"
"0038","barbell drag curl","upper arms","biceps","forearms","forearms","barbell","videos/0038-IENzBdA.gif","83476","images/0038-IENzBdA.jpg","true","© Gym visual — https://gymvisual.com/"
"1370","barbell floor calf raise","lower legs","calves","hamstrings","hamstrings","barbell","videos/1370-2IHEa2T.gif","87793","images/1370-2IHEa2T.jpg","true","© Gym visual — https://gymvisual.com/"
"0039","barbell front chest squat","upper legs","glutes","quadriceps","quadriceps; hamstrings; calves; core","barbell","videos/0039-IeTIEqg.gif","89970","images/0039-IeTIEqg.jpg","true","© Gym visual — https://gymvisual.com/"
"0041","barbell front raise","shoulders","delts","biceps","biceps; triceps","barbell","videos/0041-b2Uoz54.gif","113037","images/0041-b2Uoz54.jpg","true","© Gym visual — https://gymvisual.com/"
"0040","barbell front raise and pullover","chest","pectorals","deltoids","deltoids; triceps","barbell","videos/0040-33AzZeV.gif","57814","images/0040-33AzZeV.jpg","true","© Gym visual — https://gymvisual.com/"
"0042","barbell front squat","upper legs","glutes","quadriceps","quadriceps; hamstrings; calves; core","barbell","videos/0042-zG0zs85.gif","85946","images/0042-zG0zs85.jpg","true","© Gym visual — https://gymvisual.com/"
"0043","barbell full squat","upper legs","glutes","quadriceps","quadriceps; hamstrings; calves; core","barbell","videos/0043-qXTaZnJ.gif","88019","images/0043-qXTaZnJ.jpg","true","© Gym visual — https://gymvisual.com/"
"1461","barbell full squat (back pov)","upper legs","glutes","quadriceps","quadriceps; hamstrings; calves; core","barbell","videos/1461-DhMl549.gif","84765","images/1461-DhMl549.jpg","true","© Gym visual — https://gymvisual.com/"
"1462","barbell full squat (side pov)","upper legs","glutes","quadriceps","quadriceps; hamstrings; calves; core","barbell","videos/1462-iYzB0Cz.gif","59463","images/1462-iYzB0Cz.jpg","true","© Gym visual — https://gymvisual.com/"
"1545","barbell full zercher squat","upper legs","glutes","quadriceps","quadriceps; hamstrings; calves; core","barbell","videos/1545-vR1vold.gif","85174","images/1545-vR1vold.jpg","true","© Gym visual — https://gymvisual.com/"
"1409","barbell glute bridge","upper legs","glutes","hamstrings","hamstrings; lower back","barbell","videos/1409-qKBpF7I.gif","118724","images/1409-qKBpF7I.jpg","true","© Gym visual — https://gymvisual.com/"
"3562","barbell glute bridge two legs on bench (male)","upper legs","glutes","hamstrings","hamstrings; core","barbell","videos/3562-qg2PGl6.gif","97191","images/3562-qg2PGl6.jpg","true","© Gym visual — https://gymvisual.com/"
"0044","barbell good morning","upper legs","hamstrings","lower back","lower back","barbell","videos/0044-XlZ4lAC.gif","85825","images/0044-XlZ4lAC.jpg","true","© Gym visual — https://gymvisual.com/"
"0045","barbell guillotine bench press","chest","pectorals","shoulders","shoulders; triceps","barbell","videos/0045-GXoaSgn.gif","117571","images/0045-GXoaSgn.jpg","true","© Gym visual — https://gymvisual.com/"
"0046","barbell hack squat","upper legs","glutes","quadriceps","quadriceps; hamstrings; calves","barbell","videos/0046-5VCj6iH.gif","74754","images/0046-5VCj6iH.jpg","true","© Gym visual — https://gymvisual.com/"
"1436","barbell high bar squat","upper legs","glutes","quadriceps","quadriceps; hamstrings; calves; core","barbell","videos/1436-Gnfo4FM.gif","91345","images/1436-Gnfo4FM.jpg","true","© Gym visual — https://gymvisual.com/"
"0047","barbell incline bench press","chest","pectorals","shoulders","shoulders; triceps","barbell","videos/0047-3TZduzM.gif","115409","images/0047-3TZduzM.jpg","true","© Gym visual — https://gymvisual.com/"
"1719","barbell incline close grip bench press","upper arms","triceps","chest","chest; shoulders","barbell","videos/1719-gx7s7uF.gif","109303","images/1719-gx7s7uF.jpg","true","© Gym visual — https://gymvisual.com/"
"0048","barbell incline reverse-grip press","upper arms","triceps","chest","chest; shoulders","barbell","videos/0048-641mIfk.gif","88239","images/0048-641mIfk.jpg","true","© Gym visual — https://gymvisual.com/"
"0049","barbell incline row","back","upper back","biceps","biceps; forearms","barbell","videos/0049-dmgMp3n.gif","90398","images/0049-dmgMp3n.jpg","true","© Gym visual — https://gymvisual.com/"
"0050","barbell incline shoulder raise","chest","serratus anterior","deltoids","deltoids; trapezius","barbell","videos/0050-xi0yckC.gif","124864","images/0050-xi0yckC.jpg","true","© Gym visual — https://gymvisual.com/"
"0051","barbell jefferson squat","upper legs","glutes","quadriceps","quadriceps; hamstrings; calves","barbell","videos/0051-pkSoCW9.gif","94703","images/0051-pkSoCW9.jpg","true","© Gym visual — https://gymvisual.com/"
"0052","barbell jm bench press","upper arms","triceps","chest","chest; shoulders","barbell","videos/0052-ZsiqXYa.gif","99488","images/0052-ZsiqXYa.jpg","true","© Gym visual — https://gymvisual.com/"
"0053","barbell jump squat","upper legs","glutes","quadriceps","quadriceps; hamstrings; calves","barbell","videos/0053-1gFNTZV.gif","126033","images/0053-1gFNTZV.jpg","true","© Gym visual — https://gymvisual.com/"
"1410","barbell lateral lunge","upper legs","glutes","quadriceps","quadriceps; hamstrings; calves","barbell","videos/1410-py1HSzx.gif","93045","images/1410-py1HSzx.jpg","true","© Gym visual — https://gymvisual.com/"
"1435","barbell low bar squat","upper legs","glutes","quadriceps","quadriceps; hamstrings; calves","barbell","videos/1435-bTpEUcm.gif","88173","images/1435-bTpEUcm.jpg","true","© Gym visual — https://gymvisual.com/"
"0054","barbell lunge","upper legs","glutes","quadriceps","quadriceps; hamstrings; calves","barbell","videos/0054-t8iSghb.gif","82763","images/0054-t8iSghb.jpg","true","© Gym visual — https://gymvisual.com/"
"1720","barbell lying back of the head tricep extension","upper arms","triceps","shoulders","shoulders","barbell","videos/1720-yg8Totb.gif","93711","images/1720-yg8Totb.jpg","true","© Gym visual — https://gymvisual.com/"
"0055","barbell lying close-grip press","upper arms","triceps","chest","chest; shoulders","barbell","videos/0055-EcaV7aL.gif","105034","images/0055-EcaV7aL.jpg","true","© Gym visual — https://gymvisual.com/"
"0056","barbell lying close-grip triceps extension","upper arms","triceps","shoulders","shoulders","barbell","videos/0056-HJ63mSO.gif","74357","images/0056-HJ63mSO.jpg","true","© Gym visual — https://gymvisual.com/"
"0057","barbell lying extension","upper arms","triceps","shoulders","shoulders","barbell","videos/0057-EMpUwRI.gif","115494","images/0057-EMpUwRI.jpg","true","© Gym visual — https://gymvisual.com/"
"0058","barbell lying lifting (on hip)","upper legs","glutes","hamstrings","hamstrings; quadriceps","barbell","videos/0058-SNFfUff.gif","109394","images/0058-SNFfUff.jpg","true","© Gym visual — https://gymvisual.com/"
"0059","barbell lying preacher curl","upper arms","biceps","forearms","forearms","barbell","videos/0059-SYJ4Bkt.gif","76702","images/0059-SYJ4Bkt.jpg","true","© Gym visual — https://gymvisual.com/"
"0061","barbell lying triceps extension","upper arms","triceps","shoulders","shoulders","barbell","videos/0061-iZop9xO.gif","102249","images/0061-iZop9xO.jpg","true","© Gym visual — https://gymvisual.com/"
"0060","barbell lying triceps extension skull crusher","upper arms","triceps","shoulders","shoulders","barbell","videos/0060-h8LFzo9.gif","103556","images/0060-h8LFzo9.jpg","true","© Gym visual — https://gymvisual.com/"
"0063","barbell narrow stance squat","upper legs","glutes","quadriceps","quadriceps; hamstrings; calves","barbell","videos/0063-elhhVgj.gif","95134","images/0063-elhhVgj.jpg","true","© Gym visual — https://gymvisual.com/"
"0064","barbell one arm bent over row","back","upper back","biceps","biceps; forearms","barbell","videos/0064-Jsgsc27.gif","83757","images/0064-Jsgsc27.jpg","true","© Gym visual — https://gymvisual.com/"
"0065","barbell one arm floor press","upper arms","triceps","chest","chest; shoulders","barbell","videos/0065-vtusOWT.gif","72345","images/0065-vtusOWT.jpg","true","© Gym visual — https://gymvisual.com/"
"0066","barbell one arm side deadlift","upper legs","glutes","hamstrings","hamstrings; quadriceps; lower back","barbell","videos/0066-2DxtqHL.gif","84747","images/0066-2DxtqHL.jpg","true","© Gym visual — https://gymvisual.com/"
"0067","barbell one arm snatch","shoulders","delts","traps","traps; forearms; core","barbell","videos/0067-xHKN2s8.gif","138550","images/0067-xHKN2s8.jpg","true","© Gym visual — https://gymvisual.com/"
"0068","barbell one leg squat","upper legs","quads","glutes","glutes; hamstrings; calves","barbell","videos/0068-uKyN64F.gif","102898","images/0068-uKyN64F.jpg","true","© Gym visual — https://gymvisual.com/"
"0069","barbell overhead squat","upper legs","quads","glutes","glutes; hamstrings; calves; core","barbell","videos/0069-gfk9kD4.gif","77031","images/0069-gfk9kD4.jpg","true","© Gym visual — https://gymvisual.com/"
"1411","barbell palms down wrist curl over a bench","lower arms","forearms","biceps","biceps; brachialis","barbell","videos/1411-yzYH9pI.gif","122066","images/1411-yzYH9pI.jpg","true","© Gym visual — https://gymvisual.com/"
"1412","barbell palms up wrist curl over a bench","lower arms","forearms","biceps","biceps; shoulders","barbell","videos/1412-SJAA2IQ.gif","123426","images/1412-SJAA2IQ.jpg","true","© Gym visual — https://gymvisual.com/"
"3017","barbell pendlay row","back","upper back","biceps","biceps; forearms","barbell","videos/3017-r0z6xzQ.gif","113744","images/3017-r0z6xzQ.jpg","true","© Gym visual — https://gymvisual.com/"
"1751","barbell pin presses","upper arms","triceps","shoulders","shoulders","barbell","videos/1751-bndCa3Q.gif","133735","images/1751-bndCa3Q.jpg","true","© Gym visual — https://gymvisual.com/"
"0070","barbell preacher curl","upper arms","biceps","forearms","forearms","barbell","videos/0070-qOgPVf6.gif","117468","images/0070-qOgPVf6.jpg","true","© Gym visual — https://gymvisual.com/"
"0071","barbell press sit-up","waist","abs","shoulders","shoulders; chest","barbell","videos/0071-wnEscH8.gif","71673","images/0071-wnEscH8.jpg","true","© Gym visual — https://gymvisual.com/"
"0072","barbell prone incline curl","upper arms","biceps","forearms","forearms","barbell","videos/0072-WLvTAv5.gif","104293","images/0072-WLvTAv5.jpg","true","© Gym visual — https://gymvisual.com/"
"0073","barbell pullover","back","lats","chest","chest; triceps","barbell","videos/0073-i6LWjok.gif","78259","images/0073-i6LWjok.jpg","true","© Gym visual — https://gymvisual.com/"
"0022","barbell pullover to press","back","lats","triceps","triceps; chest; shoulders","barbell","videos/0022-znLogoF.gif","112729","images/0022-znLogoF.jpg","true","© Gym visual — https://gymvisual.com/"
"0074","barbell rack pull","upper legs","glutes","hamstrings","hamstrings; lower back","barbell","videos/0074-za9Ni4z.gif","94746","images/0074-za9Ni4z.jpg","true","© Gym visual — https://gymvisual.com/"
"0075","barbell rear delt raise","shoulders","delts","traps","traps; rhomboids","barbell","videos/0075-Ln9iTbU.gif","108365","images/0075-Ln9iTbU.jpg","true","© Gym visual — https://gymvisual.com/"
"0076","barbell rear delt row","shoulders","delts","trapezius","trapezius; rhomboids; biceps","barbell","videos/0076-S9zHIvU.gif","128994","images/0076-S9zHIvU.jpg","true","© Gym visual — https://gymvisual.com/"
"0078","barbell rear lunge","upper legs","glutes","quadriceps","quadriceps; hamstrings; calves","barbell","videos/0078-VaP75jl.gif","103315","images/0078-VaP75jl.jpg","true","© Gym visual — https://gymvisual.com/"
"0077","barbell rear lunge v. 2","upper legs","glutes","quadriceps","quadriceps; hamstrings; calves","barbell","videos/0077-62Nw60O.gif","96708","images/0077-62Nw60O.jpg","true","© Gym visual — https://gymvisual.com/"
"0079","barbell revers wrist curl v. 2","lower arms","forearms","biceps","biceps; brachialis","barbell","videos/0079-qDnGfDb.gif","110785","images/0079-qDnGfDb.jpg","true","© Gym visual — https://gymvisual.com/"
"2187","barbell reverse close-grip bench press","upper arms","triceps","chest","chest; shoulders","barbell","videos/2187-YqJw82s.gif","125660","images/2187-YqJw82s.jpg","true","© Gym visual — https://gymvisual.com/"
"0080","barbell reverse curl","upper arms","biceps","forearms","forearms","barbell","videos/0080-xNrS20v.gif","97278","images/0080-xNrS20v.jpg","true","© Gym visual — https://gymvisual.com/"
"0118","barbell reverse grip bent over row","back","upper back","biceps","biceps; forearms","barbell","videos/0118-SzX3uzM.gif","99653","images/0118-SzX3uzM.jpg","true","© Gym visual — https://gymvisual.com/"
"1256","barbell reverse grip decline bench press","chest","pectorals","triceps","triceps; shoulders","barbell","videos/1256-DotAgEF.gif","122495","images/1256-DotAgEF.jpg","true","© Gym visual — https://gymvisual.com/"
"1257","barbell reverse grip incline bench press","chest","pectorals","triceps","triceps; shoulders","barbell","videos/1257-DU7I633.gif","108305","images/1257-DU7I633.jpg","true","© Gym visual — https://gymvisual.com/"
"1317","barbell reverse grip incline bench row","back","upper back","biceps","biceps; forearms","barbell","videos/1317-8d8qJQI.gif","93254","images/1317-8d8qJQI.jpg","true","© Gym visual — https://gymvisual.com/"
"1721","barbell reverse grip skullcrusher","upper arms","triceps","forearms","forearms","barbell","videos/1721-yRLPCLu.gif","108725","images/1721-yRLPCLu.jpg","true","© Gym visual — https://gymvisual.com/"
"0081","barbell reverse preacher curl","upper arms","biceps","forearms","forearms","barbell","videos/0081-4LIG9xr.gif","107817","images/0081-4LIG9xr.jpg","true","© Gym visual — https://gymvisual.com/"
"0082","barbell reverse wrist curl","lower arms","forearms","biceps","biceps; brachialis","barbell","videos/0082-LsZkfU6.gif","90845","images/0082-LsZkfU6.jpg","true","© Gym visual — https://gymvisual.com/"
"0084","barbell rollerout","waist","abs","lower back","lower back","barbell","videos/0084-7M66AVi.gif","70369","images/0084-7M66AVi.jpg","true","© Gym visual — https://gymvisual.com/"
"0083","barbell rollerout from bench","waist","abs","shoulders","shoulders; triceps","barbell","videos/0083-Gxg9lDc.gif","62364","images/0083-Gxg9lDc.jpg","true","© Gym visual — https://gymvisual.com/"
"0085","barbell romanian deadlift","upper legs","glutes","hamstrings","hamstrings; lower back","barbell","videos/0085-wQ2c4XD.gif","88713","images/0085-wQ2c4XD.jpg","true","© Gym visual — https://gymvisual.com/"
"0086","barbell seated behind head military press","shoulders","delts","triceps","triceps; upper back","barbell","videos/0086-ngPpyRS.gif","103830","images/0086-ngPpyRS.jpg","true","© Gym visual — https://gymvisual.com/"
"0087","barbell seated bradford rocky press","shoulders","delts","triceps","triceps; upper back","barbell","videos/0087-0dCyly0.gif","127385","images/0087-0dCyly0.jpg","true","© Gym visual — https://gymvisual.com/"
"0088","barbell seated calf raise","lower legs","calves","hamstrings","hamstrings; quadriceps","barbell","videos/0088-ktsFQAZ.gif","97536","images/0088-ktsFQAZ.jpg","true","© Gym visual — https://gymvisual.com/"
"1371","barbell seated calf raise","lower legs","calves","hamstrings","hamstrings","barbell","videos/1371-ipvgBnC.gif","120803","images/1371-ipvgBnC.jpg","true","© Gym visual — https://gymvisual.com/"
"1718","barbell seated close grip behind neck triceps extension","upper arms","triceps","shoulders","shoulders","barbell","videos/1718-4CBIBOM.gif","83634","images/1718-4CBIBOM.jpg","true","© Gym visual — https://gymvisual.com/"
"0089","barbell seated close-grip concentration curl","upper arms","biceps","forearms","forearms","barbell","videos/0089-1V1gj1u.gif","98584","images/0089-1V1gj1u.jpg","true","© Gym visual — https://gymvisual.com/"
"0090","barbell seated good morning","upper legs","glutes","hamstrings","hamstrings; lower back","barbell","videos/0090-d960PgE.gif","93367","images/0090-d960PgE.jpg","true","© Gym visual — https://gymvisual.com/"
"0091","barbell seated overhead press","shoulders","delts","triceps","triceps; upper back","barbell","videos/0091-kTbSH9h.gif","95708","images/0091-kTbSH9h.jpg","true","© Gym visual — https://gymvisual.com/"
"0092","barbell seated overhead triceps extension","upper arms","triceps","shoulders","shoulders","barbell","videos/0092-5uFK1xr.gif","91581","images/0092-5uFK1xr.jpg","true","© Gym visual — https://gymvisual.com/"
"0094","barbell seated twist","waist","abs","obliques","obliques; lower back","barbell","videos/0094-dFSNDOA.gif","97166","images/0094-dFSNDOA.jpg","true","© Gym visual — https://gymvisual.com/"
"0095","barbell shrug","back","traps","shoulders","shoulders","barbell","videos/0095-dG7tG5y.gif","100499","images/0095-dG7tG5y.jpg","true","© Gym visual — https://gymvisual.com/"
"0096","barbell side bent v. 2","waist","abs","obliques","obliques; lower back","barbell","videos/0096-i4JkUaL.gif","78642","images/0096-i4JkUaL.jpg","true","© Gym visual — https://gymvisual.com/"
"0098","barbell side split squat","upper legs","quads","glutes","glutes; hamstrings; calves","barbell","videos/0098-W31mMjd.gif","94874","images/0098-W31mMjd.jpg","true","© Gym visual — https://gymvisual.com/"
"0097","barbell side split squat v. 2","upper legs","quads","glutes","glutes; hamstrings; calves","barbell","videos/0097-HUEqZ1y.gif","104062","images/0097-HUEqZ1y.jpg","true","© Gym visual — https://gymvisual.com/"
"1756","barbell single leg deadlift","upper legs","glutes","hamstrings","hamstrings; lower back","barbell","videos/1756-gEyURal.gif","99170","images/1756-gEyURal.jpg","true","© Gym visual — https://gymvisual.com/"
"0099","barbell single leg split squat","upper legs","quads","glutes","glutes; hamstrings; calves","barbell","videos/0099-gGNQmVt.gif","100765","images/0099-gGNQmVt.jpg","true","© Gym visual — https://gymvisual.com/"
"2799","barbell sitted alternate leg raise","waist","abs","hip flexors","hip flexors","barbell","videos/2799-G7xoEzr.gif","94258","images/2799-G7xoEzr.jpg","true","© Gym visual — https://gymvisual.com/"
"2800","barbell sitted alternate leg raise (female)","waist","abs","hip flexors","hip flexors; quadriceps","barbell","videos/2800-BCs0G2F.gif","86404","images/2800-BCs0G2F.jpg","true","© Gym visual — https://gymvisual.com/"
"0100","barbell skier","shoulders","delts","triceps","triceps; core","barbell","videos/0100-4Leypho.gif","91285","images/0100-4Leypho.jpg","true","© Gym visual — https://gymvisual.com/"
"0101","barbell speed squat","upper legs","glutes","quadriceps","quadriceps; hamstrings; calves","barbell","videos/0101-euI1BwR.gif","96350","images/0101-euI1BwR.jpg","true","© Gym visual — https://gymvisual.com/"
"2810","barbell split squat v. 2","upper legs","quads","glutes","glutes; hamstrings; calves","barbell","videos/2810-HBYyX94.gif","87569","images/2810-HBYyX94.jpg","true","© Gym visual — https://gymvisual.com/"
"0102","barbell squat (on knees)","upper legs","quads","glutes","glutes; hamstrings; calves","barbell","videos/0102-oR7O9LW.gif","98575","images/0102-oR7O9LW.jpg","true","© Gym visual — https://gymvisual.com/"
"2798","barbell squat jump step rear lunge","upper legs","quads","glutes","glutes; hamstrings; calves","barbell","videos/2798-RYcV1kH.gif","207082","images/2798-RYcV1kH.jpg","true","© Gym visual — https://gymvisual.com/"
"0103","barbell standing ab rollerout","waist","abs","shoulders","shoulders; lower back","barbell","videos/0103-xnInPfE.gif","103891","images/0103-xnInPfE.jpg","true","© Gym visual — https://gymvisual.com/"
"0104","barbell standing back wrist curl","lower arms","forearms","biceps","biceps; shoulders","barbell","videos/0104-2qTvJAZ.gif","74465","images/0104-2qTvJAZ.jpg","true","© Gym visual — https://gymvisual.com/"
"0105","barbell standing bradford press","shoulders","delts","triceps","triceps; upper back","barbell","videos/0105-dCPESfR.gif","115905","images/0105-dCPESfR.jpg","true","© Gym visual — https://gymvisual.com/"
"1372","barbell standing calf raise","lower legs","calves","hamstrings","hamstrings; glutes","barbell","videos/1372-8ozhUIZ.gif","91083","images/1372-8ozhUIZ.jpg","true","© Gym visual — https://gymvisual.com/"
"0106","barbell standing close grip curl","upper arms","biceps","forearms","forearms","barbell","videos/0106-4dUn2iv.gif","103704","images/0106-4dUn2iv.jpg","true","© Gym visual — https://gymvisual.com/"
"1456","barbell standing close grip military press","shoulders","delts","triceps","triceps; upper back","barbell","videos/1456-wdRZISl.gif","73769","images/1456-wdRZISl.jpg","true","© Gym visual — https://gymvisual.com/"
"2414","barbell standing concentration curl","upper arms","biceps","forearms","forearms","barbell","videos/2414-vsMcDi9.gif","110766","images/2414-vsMcDi9.jpg","true","© Gym visual — https://gymvisual.com/"
"0107","barbell standing front raise over head","shoulders","delts","triceps","triceps; upper back","barbell","videos/0107-S8mo30S.gif","69462","images/0107-S8mo30S.jpg","true","© Gym visual — https://gymvisual.com/"
"0108","barbell standing leg calf raise","lower legs","calves","hamstrings","hamstrings; glutes","barbell","videos/0108-rGwhJ5o.gif","101599","images/0108-rGwhJ5o.jpg","true","© Gym visual — https://gymvisual.com/"
"0109","barbell standing overhead triceps extension","upper arms","triceps","shoulders","shoulders","barbell","videos/0109-dZl9Q27.gif","65810","images/0109-dZl9Q27.jpg","true","© Gym visual — https://gymvisual.com/"
"0110","barbell standing reverse grip curl","upper arms","biceps","forearms","forearms","barbell","videos/0110-LWuA3aZ.gif","91818","images/0110-LWuA3aZ.jpg","true","© Gym visual — https://gymvisual.com/"
"0111","barbell standing rocking leg calf raise","lower legs","calves","hamstrings","hamstrings; quadriceps","barbell","videos/0111-6HiHHe0.gif","95797","images/0111-6HiHHe0.jpg","true","© Gym visual — https://gymvisual.com/"
"0112","barbell standing twist","waist","abs","obliques","obliques; lower back","barbell","videos/0112-yQe5HpE.gif","91248","images/0112-yQe5HpE.jpg","true","© Gym visual — https://gymvisual.com/"
"1629","barbell standing wide grip biceps curl","upper arms","biceps","forearms","forearms","barbell","videos/1629-faHKVkK.gif","101240","images/1629-faHKVkK.jpg","true","© Gym visual — https://gymvisual.com/"
"1457","barbell standing wide military press","shoulders","delts","triceps","triceps; upper back","barbell","videos/1457-Kyd9Rz5.gif","84502","images/1457-Kyd9Rz5.jpg","true","© Gym visual — https://gymvisual.com/"
"0113","barbell standing wide-grip curl","upper arms","biceps","forearms","forearms; shoulders","barbell","videos/0113-NdIb5Z1.gif","95630","images/0113-NdIb5Z1.jpg","true","© Gym visual — https://gymvisual.com/"
"0114","barbell step-up","upper legs","glutes","quadriceps","quadriceps; hamstrings; calves","barbell","videos/0114-Kxquu2E.gif","115301","images/0114-Kxquu2E.jpg","true","© Gym visual — https://gymvisual.com/"
"0115","barbell stiff leg good morning","upper legs","glutes","hamstrings","hamstrings; lower back","barbell","videos/0115-JrOHAZc.gif","81243","images/0115-JrOHAZc.jpg","true","© Gym visual — https://gymvisual.com/"
"0116","barbell straight leg deadlift","upper legs","hamstrings","glutes","glutes; lower back","barbell","videos/0116-hrVQWvE.gif","92189","images/0116-hrVQWvE.jpg","true","© Gym visual — https://gymvisual.com/"
"0117","barbell sumo deadlift","upper legs","glutes","hamstrings","hamstrings; quadriceps; lower back","barbell","videos/0117-KgI0tqW.gif","97900","images/0117-KgI0tqW.jpg","true","© Gym visual — https://gymvisual.com/"
"3305","barbell thruster","shoulders","delts","quadriceps","quadriceps; glutes; hamstrings; core","barbell","videos/3305-f7Y9eDZ.gif","96776","images/3305-f7Y9eDZ.jpg","true","© Gym visual — https://gymvisual.com/"
"0120","barbell upright row","shoulders","delts","traps","traps; biceps","barbell","videos/0120-UDlhcO8.gif","78778","images/0120-UDlhcO8.jpg","true","© Gym visual — https://gymvisual.com/"
"0119","barbell upright row v. 2","shoulders","delts","traps","traps; biceps","barbell","videos/0119-83HoW9X.gif","94423","images/0119-83HoW9X.jpg","true","© Gym visual — https://gymvisual.com/"
"0121","barbell upright row v. 3","shoulders","delts","traps","traps; biceps","barbell","videos/0121-fI18Rbc.gif","72556","images/0121-fI18Rbc.jpg","true","© Gym visual — https://gymvisual.com/"
"0122","barbell wide bench press","chest","pectorals","shoulders","shoulders; triceps","barbell","videos/0122-JsKq9so.gif","102410","images/0122-JsKq9so.jpg","true","© Gym visual — https://gymvisual.com/"
"1258","barbell wide reverse grip bench press","chest","pectorals","triceps","triceps; shoulders","barbell","videos/1258-945zpRg.gif","110396","images/1258-945zpRg.jpg","true","© Gym visual — https://gymvisual.com/"
"0124","barbell wide squat","upper legs","quads","glutes","glutes; hamstrings; calves","barbell","videos/0124-s7HX1BY.gif","96840","images/0124-s7HX1BY.jpg","true","© Gym visual — https://gymvisual.com/"
"0123","barbell wide-grip upright row","shoulders","delts","traps","traps; biceps","barbell","videos/0123-RgJDRR1.gif","100996","images/0123-RgJDRR1.jpg","true","© Gym visual — https://gymvisual.com/"
"0126","barbell wrist curl","lower arms","forearms","biceps","biceps; brachialis","barbell","videos/0126-82LxxkW.gif","92202","images/0126-82LxxkW.jpg","true","© Gym visual — https://gymvisual.com/"
"0125","barbell wrist curl v. 2","lower arms","forearms","biceps","biceps; brachialis","barbell","videos/0125-6kSxYnw.gif","113917","images/0125-6kSxYnw.jpg","true","© Gym visual — https://gymvisual.com/"
"0127","barbell zercher squat","upper legs","glutes","quadriceps","quadriceps; hamstrings; calves; core","barbell","videos/0127-LSTChY9.gif","87015","images/0127-LSTChY9.jpg","true","© Gym visual — https://gymvisual.com/"
"3212","basic toe touch (male)","upper legs","glutes","hamstrings","hamstrings; calves","body weight","videos/3212-BbfB8Gb.gif","58180","images/3212-BbfB8Gb.jpg","true","© Gym visual — https://gymvisual.com/"
"0128","battling ropes","shoulders","delts","forearms","forearms; core","rope","videos/0128-RJa4tCo.gif","60826","images/0128-RJa4tCo.jpg","true","© Gym visual — https://gymvisual.com/"
"3360","bear crawl","cardio","cardiovascular system","core","core; shoulders; triceps","body weight","videos/3360-0Yz8WdV.gif","80894","images/3360-0Yz8WdV.jpg","true","© Gym visual — https://gymvisual.com/"
"1259","behind head chest stretch","chest","pectorals","shoulders","shoulders; triceps","assisted","videos/1259-QoHIhPl.gif","102749","images/1259-QoHIhPl.jpg","true","© Gym visual — https://gymvisual.com/"
"0129","bench dip (knees bent)","upper arms","triceps","chest","chest; shoulders","body weight","videos/0129-RrLske5.gif","85074","images/0129-RrLske5.jpg","true","© Gym visual — https://gymvisual.com/"
"1399","bench dip on floor","upper arms","triceps","chest","chest; shoulders","body weight","videos/1399-9RT8oQW.gif","87317","images/1399-9RT8oQW.jpg","true","© Gym visual — https://gymvisual.com/"
"0130","bench hip extension","upper legs","glutes","hamstrings","hamstrings","body weight","videos/0130-u27Kcdz.gif","69527","images/0130-u27Kcdz.jpg","true","© Gym visual — https://gymvisual.com/"
"3019","bench pull-ups","back","lats","biceps","biceps; forearms","body weight","videos/3019-mExgrF9.gif","84856","images/3019-mExgrF9.jpg","true","© Gym visual — https://gymvisual.com/"
"3639","bent knee lying twist (male)","upper legs","glutes","obliques","obliques; hip flexors","body weight","videos/3639-6sYyrRX.gif","114507","images/3639-6sYyrRX.jpg","true","© Gym visual — https://gymvisual.com/"
"1770","biceps leg concentration curl","upper arms","biceps","forearms","forearms","body weight","videos/1770-sJFIDIp.gif","106469","images/1770-sJFIDIp.jpg","true","© Gym visual — https://gymvisual.com/"
"0139","biceps narrow pull-ups","upper arms","biceps","forearms","forearms; shoulders","body weight","videos/0139-50BETrz.gif","93187","images/0139-50BETrz.jpg","true","© Gym visual — https://gymvisual.com/"
"0140","biceps pull-up","upper arms","biceps","forearms","forearms; shoulders","body weight","videos/0140-guT8YnS.gif","71979","images/0140-guT8YnS.jpg","true","© Gym visual — https://gymvisual.com/"
"0137","body-up","upper arms","triceps","chest","chest; shoulders","body weight","videos/0137-U6G2gk9.gif","111316","images/0137-U6G2gk9.jpg","true","© Gym visual — https://gymvisual.com/"
"3543","bodyweight drop jump squat","upper legs","glutes","quadriceps","quadriceps; hamstrings; calves","body weight","videos/3543-wfotm7S.gif","100634","images/3543-wfotm7S.jpg","true","© Gym visual — https://gymvisual.com/"
"3544","bodyweight incline side plank","waist","abs","obliques","obliques; shoulders","body weight","videos/3544-5VXmnV5.gif","100558","images/3544-5VXmnV5.jpg","true","© Gym visual — https://gymvisual.com/"
"1771","bodyweight kneeling triceps extension","upper arms","triceps","shoulders","shoulders; chest","body weight","videos/1771-s0HKO2I.gif","103018","images/1771-s0HKO2I.jpg","true","© Gym visual — https://gymvisual.com/"
"1769","bodyweight side lying biceps curl","upper arms","biceps","forearms","forearms","body weight","videos/1769-gscGLOU.gif","81745","images/1769-gscGLOU.jpg","true","© Gym visual — https://gymvisual.com/"
"3168","bodyweight squatting row","back","upper back","biceps","biceps; shoulders","body weight","videos/3168-3xK09Sk.gif","69604","images/3168-3xK09Sk.jpg","true","© Gym visual — https://gymvisual.com/"
"3167","bodyweight squatting row (with towel)","back","upper back","biceps","biceps; shoulders","body weight","videos/3167-BReCuOn.gif","92987","images/3167-BReCuOn.jpg","true","© Gym visual — https://gymvisual.com/"
"1373","bodyweight standing calf raise","lower legs","calves","ankles","ankles; feet","body weight","videos/1373-bJYHBIN.gif","62166","images/1373-bJYHBIN.jpg","true","© Gym visual — https://gymvisual.com/"
"3156","bodyweight standing close-grip one arm row","back","upper back","biceps","biceps; forearms","body weight","videos/3156-v2DfH14.gif","81974","images/3156-v2DfH14.jpg","true","© Gym visual — https://gymvisual.com/"
"3158","bodyweight standing close-grip row","back","upper back","biceps","biceps; forearms","body weight","videos/3158-tig3PXb.gif","72744","images/3158-tig3PXb.jpg","true","© Gym visual — https://gymvisual.com/"
"3162","bodyweight standing one arm row","back","upper back","biceps","biceps; forearms","body weight","videos/3162-xbkPfaw.gif","91755","images/3162-xbkPfaw.jpg","true","© Gym visual — https://gymvisual.com/"
"3161","bodyweight standing one arm row (with towel)","back","upper back","biceps","biceps; forearms","body weight","videos/3161-O4oIqQD.gif","99697","images/3161-O4oIqQD.jpg","true","© Gym visual — https://gymvisual.com/"
"3166","bodyweight standing row","back","upper back","biceps","biceps; shoulders","body weight","videos/3166-wd4ds3s.gif","80716","images/3166-wd4ds3s.jpg","true","© Gym visual — https://gymvisual.com/"
"3165","bodyweight standing row (with towel)","back","upper back","biceps","biceps; shoulders","body weight","videos/3165-uTv34oq.gif","98849","images/3165-uTv34oq.jpg","true","© Gym visual — https://gymvisual.com/"
"0138","bottoms-up","waist","abs","obliques","obliques; hip flexors","body weight","videos/0138-CI6baTY.gif","65786","images/0138-CI6baTY.jpg","true","© Gym visual — https://gymvisual.com/"
"1374","box jump down with one leg stabilization","lower legs","calves","quadriceps","quadriceps; hamstrings; glutes","body weight","videos/1374-iPm26QU.gif","98948","images/1374-iPm26QU.jpg","true","© Gym visual — https://gymvisual.com/"
"2466","bridge - mountain climber (cross body)","waist","abs","glutes","glutes; quadriceps; hamstrings; shoulders; triceps","body weight","videos/2466-9c6T1YX.gif","151870","images/2466-9c6T1YX.jpg","true","© Gym visual — https://gymvisual.com/"
"1160","burpee","cardio","cardiovascular system","quadriceps","quadriceps; hamstrings; calves; shoulders; chest","body weight","videos/1160-dK9394r.gif","100254","images/1160-dK9394r.jpg","true","© Gym visual — https://gymvisual.com/"
"0870","butt-ups","waist","abs","hip flexors","hip flexors; lower back","body weight","videos/0870-qcNN2FN.gif","78780","images/0870-qcNN2FN.jpg","true","© Gym visual — https://gymvisual.com/"
"1494","butterfly yoga pose","upper legs","adductors","hamstrings","hamstrings; groin","body weight","videos/1494-bWlZvXh.gif","133922","images/1494-bWlZvXh.jpg","true","© Gym visual — https://gymvisual.com/"
"0148","cable alternate shoulder press","shoulders","delts","triceps","triceps; upper back","cable","videos/0148-KHPZL0b.gif","70131","images/0148-KHPZL0b.jpg","true","© Gym visual — https://gymvisual.com/"
"0149","cable alternate triceps extension","upper arms","triceps","shoulders","shoulders","cable","videos/0149-Gchi5Tr.gif","62513","images/0149-Gchi5Tr.jpg","true","© Gym visual — https://gymvisual.com/"
"3235","cable assisted inverse leg curl","upper legs","hamstrings","glutes","glutes; calves","cable","videos/3235-zHEpuuc.gif","117108","images/3235-zHEpuuc.jpg","true","© Gym visual — https://gymvisual.com/"
"0150","cable bar lateral pulldown","back","lats","biceps","biceps; rhomboids; rear deltoids","cable","videos/0150-eYnzaCm.gif","87499","images/0150-eYnzaCm.jpg","true","© Gym visual — https://gymvisual.com/"
"0151","cable bench press","chest","pectorals","triceps","triceps; shoulders","cable","videos/0151-7xI5MXA.gif","95516","images/0151-7xI5MXA.jpg","true","© Gym visual — https://gymvisual.com/"
"1630","cable close grip curl","upper arms","biceps","forearms","forearms","cable","videos/1630-BCGQ6J5.gif","109753","images/1630-BCGQ6J5.jpg","true","© Gym visual — https://gymvisual.com/"
"1631","cable concentration curl","upper arms","biceps","forearms","forearms","cable","videos/1631-NvfE43H.gif","96011","images/1631-NvfE43H.jpg","true","© Gym visual — https://gymvisual.com/"
"0152","cable concentration extension (on knee)","upper arms","triceps","forearms","forearms","cable","videos/0152-Db7eEgw.gif","91201","images/0152-Db7eEgw.jpg","true","© Gym visual — https://gymvisual.com/"
"0153","cable cross-over lateral pulldown","back","lats","biceps","biceps; rhomboids; rear deltoids","cable","videos/0153-OQ1otBN.gif","68848","images/0153-OQ1otBN.jpg","true","© Gym visual — https://gymvisual.com/"
"0154","cable cross-over revers fly","shoulders","delts","rhomboids","rhomboids; trapezius","cable","videos/0154-aqvSOQE.gif","115819","images/0154-aqvSOQE.jpg","true","© Gym visual — https://gymvisual.com/"
"0155","cable cross-over variation","chest","pectorals","deltoids","deltoids; triceps","cable","videos/0155-0CXGHya.gif","67910","images/0155-0CXGHya.jpg","true","© Gym visual — https://gymvisual.com/"
"0868","cable curl","upper arms","biceps","forearms","forearms","cable","videos/0868-G08RZcQ.gif","81744","images/0868-G08RZcQ.jpg","true","© Gym visual — https://gymvisual.com/"
"0157","cable deadlift","upper legs","glutes","hamstrings","hamstrings; quadriceps; lower back","cable","videos/0157-eGDudUV.gif","121120","images/0157-eGDudUV.jpg","true","© Gym visual — https://gymvisual.com/"
"0158","cable decline fly","chest","pectorals","shoulders","shoulders; triceps","cable","videos/0158-7saC5zz.gif","80170","images/0158-7saC5zz.jpg","true","© Gym visual — https://gymvisual.com/"
"1260","cable decline one arm press","chest","pectorals","triceps","triceps; shoulders","cable","videos/1260-KHGNa16.gif","110795","images/1260-KHGNa16.jpg","true","© Gym visual — https://gymvisual.com/"
"1261","cable decline press","chest","pectorals","triceps","triceps; shoulders","cable","videos/1261-2Pya1cP.gif","108109","images/1261-2Pya1cP.jpg","true","© Gym visual — https://gymvisual.com/"
"0159","cable decline seated wide-grip row","back","upper back","biceps","biceps; forearms","cable","videos/0159-kesXOpB.gif","98612","images/0159-kesXOpB.jpg","true","© Gym visual — https://gymvisual.com/"
"1632","cable drag curl","upper arms","biceps","forearms","forearms","cable","videos/1632-dXz8zjF.gif","107227","images/1632-dXz8zjF.jpg","true","© Gym visual — https://gymvisual.com/"
"0160","cable floor seated wide-grip row","back","upper back","biceps","biceps; forearms","cable","videos/0160-veXwo0D.gif","85161","images/0160-veXwo0D.jpg","true","© Gym visual — https://gymvisual.com/"
"0161","cable forward raise","shoulders","delts","triceps","triceps; forearms","cable","videos/0161-hvHhCv8.gif","74292","images/0161-hvHhCv8.jpg","true","© Gym visual — https://gymvisual.com/"
"0162","cable front raise","shoulders","delts","triceps","triceps; forearms","cable","videos/0162-u2X71Np.gif","83250","images/0162-u2X71Np.jpg","true","© Gym visual — https://gymvisual.com/"
"0164","cable front shoulder raise","shoulders","delts","trapezius","trapezius; biceps","cable","videos/0164-mTT3KLn.gif","95967","images/0164-mTT3KLn.jpg","true","© Gym visual — https://gymvisual.com/"
"0165","cable hammer curl (with rope)","upper arms","biceps","forearms","forearms","cable","videos/0165-HPlPoQA.gif","77380","images/0165-HPlPoQA.jpg","true","© Gym visual — https://gymvisual.com/"
"1722","cable high pulley overhead tricep extension","upper arms","triceps","shoulders","shoulders","cable","videos/1722-1xHyxys.gif","86016","images/1722-1xHyxys.jpg","true","© Gym visual — https://gymvisual.com/"
"0167","cable high row (kneeling)","back","upper back","biceps","biceps; shoulders","cable","videos/0167-ZSJNetl.gif","84878","images/0167-ZSJNetl.jpg","true","© Gym visual — https://gymvisual.com/"
"0168","cable hip adduction","upper legs","adductors","glutes","glutes; quadriceps","cable","videos/0168-hBGWILP.gif","83509","images/0168-hBGWILP.jpg","true","© Gym visual — https://gymvisual.com/"
"0169","cable incline bench press","chest","pectorals","deltoids","deltoids; triceps","cable","videos/0169-Vh0GsK4.gif","90026","images/0169-Vh0GsK4.jpg","true","© Gym visual — https://gymvisual.com/"
"1318","cable incline bench row","back","upper back","biceps","biceps; rear deltoids","cable","videos/1318-yaMIo4D.gif","97516","images/1318-yaMIo4D.jpg","true","© Gym visual — https://gymvisual.com/"
"0171","cable incline fly","chest","pectorals","deltoids","deltoids; triceps","cable","videos/0171-tBWXbIT.gif","96770","images/0171-tBWXbIT.jpg","true","© Gym visual — https://gymvisual.com/"
"0170","cable incline fly (on stability ball)","chest","pectorals","deltoids","deltoids; triceps","cable","videos/0170-27NNGFr.gif","93326","images/0170-27NNGFr.jpg","true","© Gym visual — https://gymvisual.com/"
"0172","cable incline pushdown","back","lats","triceps","triceps; shoulders","cable","videos/0172-1PK5Uo3.gif","72504","images/0172-1PK5Uo3.jpg","true","© Gym visual — https://gymvisual.com/"
"0173","cable incline triceps extension","upper arms","triceps","shoulders","shoulders","cable","videos/0173-Hx1WC8I.gif","96024","images/0173-Hx1WC8I.jpg","true","© Gym visual — https://gymvisual.com/"
"0174","cable judo flip","waist","abs","obliques","obliques; shoulders","cable","videos/0174-MvQPqVW.gif","83128","images/0174-MvQPqVW.jpg","true","© Gym visual — https://gymvisual.com/"
"0860","cable kickback","upper arms","triceps","shoulders","shoulders","cable","videos/0860-HEJ6DIX.gif","107290","images/0860-HEJ6DIX.jpg","true","© Gym visual — https://gymvisual.com/"
"0175","cable kneeling crunch","waist","abs","obliques","obliques","cable","videos/0175-WW95auq.gif","101722","images/0175-WW95auq.jpg","true","© Gym visual — https://gymvisual.com/"
"3697","cable kneeling rear delt row (with rope) (male)","shoulders","delts","trapezius","trapezius; rhomboids; biceps","cable","videos/3697-G61cXLk.gif","98068","images/3697-G61cXLk.jpg","true","© Gym visual — https://gymvisual.com/"
"0176","cable kneeling triceps extension","upper arms","triceps","shoulders","shoulders","cable","videos/0176-KWdF2JI.gif","90074","images/0176-KWdF2JI.jpg","true","© Gym visual — https://gymvisual.com/"
"2330","cable lat pulldown full range of motion","back","lats","biceps","biceps; rhomboids; rear deltoids","cable","videos/2330-LEprlgG.gif","128749","images/2330-LEprlgG.jpg","true","© Gym visual — https://gymvisual.com/"
"0177","cable lateral pulldown (with rope attachment)","back","lats","biceps","biceps; forearms","cable","videos/0177-CuaWCmC.gif","85997","images/0177-CuaWCmC.jpg","true","© Gym visual — https://gymvisual.com/"
"2616","cable lateral pulldown with v-bar","back","lats","biceps","biceps; forearms","cable","videos/2616-4c9BhzB.gif","88446","images/2616-4c9BhzB.jpg","true","© Gym visual — https://gymvisual.com/"
"0178","cable lateral raise","shoulders","delts","traps","traps; triceps","cable","videos/0178-goJ6ezq.gif","128040","images/0178-goJ6ezq.jpg","true","© Gym visual — https://gymvisual.com/"
"0179","cable low fly","chest","pectorals","deltoids","deltoids; triceps","cable","videos/0179-FVmZVhk.gif","92202","images/0179-FVmZVhk.jpg","true","© Gym visual — https://gymvisual.com/"
"0180","cable low seated row","back","upper back","biceps","biceps; forearms","cable","videos/0180-hvV79Si.gif","97782","images/0180-hvV79Si.jpg","true","© Gym visual — https://gymvisual.com/"
"1634","cable lying bicep curl","upper arms","biceps","forearms","forearms","cable","videos/1634-otqIxU4.gif","107364","images/1634-otqIxU4.jpg","true","© Gym visual — https://gymvisual.com/"
"0182","cable lying close-grip curl","upper arms","biceps","forearms","forearms","cable","videos/0182-61GrD55.gif","91917","images/0182-61GrD55.jpg","true","© Gym visual — https://gymvisual.com/"
"0184","cable lying extension pullover (with rope attachment)","back","lats","triceps","triceps; shoulders","cable","videos/0184-Q2Eu1Ax.gif","76905","images/0184-Q2Eu1Ax.jpg","true","© Gym visual — https://gymvisual.com/"
"0185","cable lying fly","chest","pectorals","deltoids","deltoids; triceps","cable","videos/0185-lJJ7Yq8.gif","120110","images/0185-lJJ7Yq8.jpg","true","© Gym visual — https://gymvisual.com/"
"0186","cable lying triceps extension v. 2","upper arms","triceps","shoulders","shoulders","cable","videos/0186-uxJcFUU.gif","76009","images/0186-uxJcFUU.jpg","true","© Gym visual — https://gymvisual.com/"
"0188","cable middle fly","chest","pectorals","deltoids","deltoids; triceps","cable","videos/0188-xLYSdtg.gif","78704","images/0188-xLYSdtg.jpg","true","© Gym visual — https://gymvisual.com/"
"0189","cable one arm bent over row","back","upper back","biceps","biceps; forearms","cable","videos/0189-EIsE3u8.gif","118764","images/0189-EIsE3u8.jpg","true","© Gym visual — https://gymvisual.com/"
"0190","cable one arm curl","upper arms","biceps","forearms","forearms","cable","videos/0190-YTur5nR.gif","69496","images/0190-YTur5nR.jpg","true","© Gym visual — https://gymvisual.com/"
"1262","cable one arm decline chest fly","chest","pectorals","shoulders","shoulders; triceps","cable","videos/1262-w4dLzSx.gif","109037","images/1262-w4dLzSx.jpg","true","© Gym visual — https://gymvisual.com/"
"1263","cable one arm fly on exercise ball","chest","pectorals","deltoids","deltoids; triceps","cable","videos/1263-hHy8tQG.gif","90536","images/1263-hHy8tQG.jpg","true","© Gym visual — https://gymvisual.com/"
"1264","cable one arm incline fly on exercise ball","chest","pectorals","deltoids","deltoids; triceps","cable","videos/1264-P14Dz9D.gif","95535","images/1264-P14Dz9D.jpg","true","© Gym visual — https://gymvisual.com/"
"1265","cable one arm incline press","chest","pectorals","deltoids","deltoids; triceps","cable","videos/1265-GKEH6jj.gif","85804","images/1265-GKEH6jj.jpg","true","© Gym visual — https://gymvisual.com/"
"1266","cable one arm incline press on exercise ball","chest","pectorals","shoulders","shoulders; triceps","cable","videos/1266-6t00BsF.gif","82700","images/1266-6t00BsF.jpg","true","© Gym visual — https://gymvisual.com/"
"0191","cable one arm lateral bent-over","chest","pectorals","deltoids","deltoids; trapezius","cable","videos/0191-dB07vDu.gif","92839","images/0191-dB07vDu.jpg","true","© Gym visual — https://gymvisual.com/"
"0192","cable one arm lateral raise","shoulders","delts","traps","traps; triceps","cable","videos/0192-wEulIzp.gif","89843","images/0192-wEulIzp.jpg","true","© Gym visual — https://gymvisual.com/"
"1633","cable one arm preacher curl","upper arms","biceps","forearms","forearms","cable","videos/1633-eHBlPsa.gif","97527","images/1633-eHBlPsa.jpg","true","© Gym visual — https://gymvisual.com/"
"1267","cable one arm press on exercise ball","chest","pectorals","shoulders","shoulders; triceps","cable","videos/1267-MKIelrR.gif","90333","images/1267-MKIelrR.jpg","true","© Gym visual — https://gymvisual.com/"
"3563","cable one arm pulldown","back","lats","biceps","biceps; forearms","cable","videos/3563-U5INZY6.gif","111286","images/3563-U5INZY6.jpg","true","© Gym visual — https://gymvisual.com/"
"1635","cable one arm reverse preacher curl","upper arms","biceps","forearms","forearms","cable","videos/1635-ZXnjcOQ.gif","98550","images/1635-ZXnjcOQ.jpg","true","© Gym visual — https://gymvisual.com/"
"0193","cable one arm straight back high row (kneeling)","back","upper back","biceps","biceps; shoulders","cable","videos/0193-WrYPP2g.gif","102554","images/0193-WrYPP2g.jpg","true","© Gym visual — https://gymvisual.com/"
"1723","cable one arm tricep pushdown","upper arms","triceps","forearms","forearms","cable","videos/1723-qRZ5S1N.gif","109590","images/1723-qRZ5S1N.jpg","true","© Gym visual — https://gymvisual.com/"
"1636","cable overhead curl","upper arms","biceps","forearms","forearms; shoulders","cable","videos/1636-wDUqY2u.gif","84616","images/1636-wDUqY2u.jpg","true","© Gym visual — https://gymvisual.com/"
"1637","cable overhead curl on exercise ball","upper arms","biceps","forearms","forearms; shoulders","cable","videos/1637-ioTf098.gif","95942","images/1637-ioTf098.jpg","true","© Gym visual — https://gymvisual.com/"
"0194","cable overhead triceps extension (rope attachment)","upper arms","triceps","shoulders","shoulders","cable","videos/0194-2IxROQ1.gif","61224","images/0194-2IxROQ1.jpg","true","© Gym visual — https://gymvisual.com/"
"1319","cable palm rotational row","back","upper back","biceps","biceps; forearms","cable","videos/1319-OmQ8w0p.gif","70026","images/1319-OmQ8w0p.jpg","true","© Gym visual — https://gymvisual.com/"
"0195","cable preacher curl","upper arms","biceps","forearms","forearms","cable","videos/0195-P2lNrGL.gif","108592","images/0195-P2lNrGL.jpg","true","© Gym visual — https://gymvisual.com/"
"1268","cable press on exercise ball","chest","pectorals","shoulders","shoulders; triceps","cable","videos/1268-vAwm6rK.gif","87318","images/1268-vAwm6rK.jpg","true","© Gym visual — https://gymvisual.com/"
"0196","cable pull through (with rope)","upper legs","glutes","hamstrings","hamstrings; lower back","cable","videos/0196-OM46QHm.gif","71607","images/0196-OM46QHm.jpg","true","© Gym visual — https://gymvisual.com/"
"0198","cable pulldown","back","lats","biceps","biceps; forearms","cable","videos/0198-RVwzP10.gif","87118","images/0198-RVwzP10.jpg","true","© Gym visual — https://gymvisual.com/"
"0197","cable pulldown (pro lat bar)","back","lats","biceps","biceps; forearms","cable","videos/0197-qdRxqCj.gif","84276","images/0197-qdRxqCj.jpg","true","© Gym visual — https://gymvisual.com/"
"1638","cable pulldown bicep curl","upper arms","biceps","forearms","forearms","cable","videos/1638-QTXKWPh.gif","72643","images/1638-QTXKWPh.jpg","true","© Gym visual — https://gymvisual.com/"
"0201","cable pushdown","upper arms","triceps","forearms","forearms","cable","videos/0201-3ZflifB.gif","95234","images/0201-3ZflifB.jpg","true","© Gym visual — https://gymvisual.com/"
"0199","cable pushdown (straight arm) v. 2","back","lats","triceps","triceps; shoulders","cable","videos/0199-PskORrA.gif","49893","images/0199-PskORrA.jpg","true","© Gym visual — https://gymvisual.com/"
"0200","cable pushdown (with rope attachment)","upper arms","triceps","forearms","forearms","cable","videos/0200-dU605di.gif","84281","images/0200-dU605di.jpg","true","© Gym visual — https://gymvisual.com/"
"0202","cable rear delt row (stirrups)","shoulders","delts","trapezius","trapezius; rhomboids; biceps","cable","videos/0202-yUdIGNs.gif","114659","images/0202-yUdIGNs.jpg","true","© Gym visual — https://gymvisual.com/"
"0203","cable rear delt row (with rope)","shoulders","delts","trapezius","trapezius; rhomboids; biceps","cable","videos/0203-wqNPGCg.gif","96962","images/0203-wqNPGCg.jpg","true","© Gym visual — https://gymvisual.com/"
"0204","cable rear drive","upper arms","triceps","shoulders","shoulders; back","cable","videos/0204-c3QQLPi.gif","82295","images/0204-c3QQLPi.jpg","true","© Gym visual — https://gymvisual.com/"
"0205","cable rear pulldown","back","lats","biceps","biceps; rhomboids; rear deltoids","cable","videos/0205-SpsOSXk.gif","100820","images/0205-SpsOSXk.jpg","true","© Gym visual — https://gymvisual.com/"
"0873","cable reverse crunch","waist","abs","hip flexors","hip flexors","cable","videos/0873-RqOtqD7.gif","89478","images/0873-RqOtqD7.jpg","true","© Gym visual — https://gymvisual.com/"
"0206","cable reverse curl","upper arms","biceps","forearms","forearms","cable","videos/0206-eOG0r6v.gif","73424","images/0206-eOG0r6v.jpg","true","© Gym visual — https://gymvisual.com/"
"2406","cable reverse grip triceps pushdown (sz-bar) (with arm blaster)","upper arms","triceps","forearms","forearms","cable","videos/2406-ThKP69G.gif","98874","images/2406-ThKP69G.jpg","true","© Gym visual — https://gymvisual.com/"
"1413","cable reverse one arm curl","upper arms","biceps","forearms","forearms","cable","videos/1413-gVlnLIJ.gif","65302","images/1413-gVlnLIJ.jpg","true","© Gym visual — https://gymvisual.com/"
"0209","cable reverse preacher curl","upper arms","biceps","forearms","forearms","cable","videos/0209-IwX5NqK.gif","108171","images/0209-IwX5NqK.jpg","true","© Gym visual — https://gymvisual.com/"
"0210","cable reverse wrist curl","lower arms","forearms","forearms","forearms; wrists","cable","videos/0210-eYmsEPR.gif","101954","images/0210-eYmsEPR.jpg","true","© Gym visual — https://gymvisual.com/"
"0207","cable reverse-grip pushdown","upper arms","triceps","forearms","forearms","cable","videos/0207-VjYliFZ.gif","112090","images/0207-VjYliFZ.jpg","true","© Gym visual — https://gymvisual.com/"
"0208","cable reverse-grip straight back seated high row","back","upper back","biceps","biceps; forearms","cable","videos/0208-PNtsX17.gif","86164","images/0208-PNtsX17.jpg","true","© Gym visual — https://gymvisual.com/"
"1320","cable rope crossover seated row","back","upper back","biceps","biceps; forearms","cable","videos/1320-UFGF6gk.gif","103372","images/1320-UFGF6gk.jpg","true","© Gym visual — https://gymvisual.com/"
"1321","cable rope elevated seated row","back","upper back","biceps","biceps; forearms","cable","videos/1321-c8oybX6.gif","107957","images/1321-c8oybX6.jpg","true","© Gym visual — https://gymvisual.com/"
"1322","cable rope extension incline bench row","back","upper back","biceps","biceps; shoulders","cable","videos/1322-MgKwAAo.gif","88236","images/1322-MgKwAAo.jpg","true","© Gym visual — https://gymvisual.com/"
"1639","cable rope hammer preacher curl","upper arms","biceps","forearms","forearms","cable","videos/1639-PcPe0P5.gif","114844","images/1639-PcPe0P5.jpg","true","© Gym visual — https://gymvisual.com/"
"1724","cable rope high pulley overhead tricep extension","upper arms","triceps","shoulders","shoulders","cable","videos/1724-NN8nSNT.gif","91906","images/1724-NN8nSNT.jpg","true","© Gym visual — https://gymvisual.com/"
"1725","cable rope incline tricep extension","upper arms","triceps","shoulders","shoulders","cable","videos/1725-ZujAdR9.gif","104441","images/1725-ZujAdR9.jpg","true","© Gym visual — https://gymvisual.com/"
"1726","cable rope lying on floor tricep extension","upper arms","triceps","shoulders","shoulders","cable","videos/1726-U3ffHlY.gif","58925","images/1726-U3ffHlY.jpg","true","© Gym visual — https://gymvisual.com/"
"1640","cable rope one arm hammer preacher curl","upper arms","biceps","forearms","forearms","cable","videos/1640-4hATdoB.gif","110505","images/1640-4hATdoB.jpg","true","© Gym visual — https://gymvisual.com/"
"1323","cable rope seated row","back","upper back","biceps","biceps; forearms","cable","videos/1323-SJqRxOt.gif","110771","images/1323-SJqRxOt.jpg","true","© Gym visual — https://gymvisual.com/"
"0211","cable russian twists (on stability ball)","waist","abs","obliques","obliques; lower back","cable","videos/0211-d9Xaxq6.gif","94417","images/0211-d9Xaxq6.jpg","true","© Gym visual — https://gymvisual.com/"
"2144","cable seated chest press","chest","pectorals","shoulders","shoulders; triceps","cable","videos/2144-nIR4Rwl.gif","122762","images/2144-nIR4Rwl.jpg","true","© Gym visual — https://gymvisual.com/"
"0212","cable seated crunch","waist","abs","obliques","obliques","cable","videos/0212-8xUv4J7.gif","122526","images/0212-8xUv4J7.jpg","true","© Gym visual — https://gymvisual.com/"
"1641","cable seated curl","upper arms","biceps","forearms","forearms","cable","videos/1641-8oYqOt9.gif","130449","images/1641-8oYqOt9.jpg","true","© Gym visual — https://gymvisual.com/"
"0213","cable seated high row (v-bar)","back","lats","biceps","biceps; rhomboids; rear deltoids","cable","videos/0213-pwt0pnM.gif","100325","images/0213-pwt0pnM.jpg","true","© Gym visual — https://gymvisual.com/"
"0214","cable seated one arm alternate row","back","upper back","biceps","biceps; forearms","cable","videos/0214-vpp9Ku2.gif","67172","images/0214-vpp9Ku2.jpg","true","© Gym visual — https://gymvisual.com/"
"1642","cable seated one arm concentration curl","upper arms","biceps","forearms","forearms","cable","videos/1642-rZ80Gbp.gif","144184","images/1642-rZ80Gbp.jpg","true","© Gym visual — https://gymvisual.com/"
"1643","cable seated overhead curl","upper arms","biceps","forearms","forearms; shoulders","cable","videos/1643-DpWMFP5.gif","82608","images/1643-DpWMFP5.jpg","true","© Gym visual — https://gymvisual.com/"
"0215","cable seated rear lateral raise","shoulders","delts","traps","traps; rhomboids","cable","videos/0215-x825CZm.gif","107114","images/0215-x825CZm.jpg","true","© Gym visual — https://gymvisual.com/"
"0861","cable seated row","back","upper back","biceps","biceps; forearms","cable","videos/0861-fUBheHs.gif","103011","images/0861-fUBheHs.jpg","true","© Gym visual — https://gymvisual.com/"
"0216","cable seated shoulder internal rotation","shoulders","delts","rotator cuff","rotator cuff; triceps","cable","videos/0216-YPoVrBi.gif","70523","images/0216-YPoVrBi.jpg","true","© Gym visual — https://gymvisual.com/"
"2399","cable seated twist","waist","abs","obliques","obliques","cable","videos/2399-UEjSrKI.gif","91519","images/2399-UEjSrKI.jpg","true","© Gym visual — https://gymvisual.com/"
"0218","cable seated wide-grip row","back","upper back","biceps","biceps; forearms","cable","videos/0218-qcY50ZD.gif","112701","images/0218-qcY50ZD.jpg","true","© Gym visual — https://gymvisual.com/"
"0219","cable shoulder press","shoulders","delts","triceps","triceps; upper back","cable","videos/0219-PzQanLE.gif","65774","images/0219-PzQanLE.jpg","true","© Gym visual — https://gymvisual.com/"
"0220","cable shrug","back","traps","shoulders","shoulders","cable","videos/0220-Eg98Ft9.gif","72707","images/0220-Eg98Ft9.jpg","true","© Gym visual — https://gymvisual.com/"
"0222","cable side bend","waist","abs","obliques","obliques","cable","videos/0222-wPypxFY.gif","118473","images/0222-wPypxFY.jpg","true","© Gym visual — https://gymvisual.com/"
"0221","cable side bend crunch (bosu ball)","waist","abs","obliques","obliques","cable","videos/0221-qatbkEd.gif","131483","images/0221-qatbkEd.jpg","true","© Gym visual — https://gymvisual.com/"
"0223","cable side crunch","waist","abs","obliques","obliques","cable","videos/0223-q2ADGqV.gif","57742","images/0223-q2ADGqV.jpg","true","© Gym visual — https://gymvisual.com/"
"1717","cable squat row (with rope attachment)","back","lats","biceps","biceps; rhomboids; rear deltoids","cable","videos/1717-f7fnAIB.gif","124249","images/1717-f7fnAIB.jpg","true","© Gym visual — https://gymvisual.com/"
"1644","cable squatting curl","upper arms","biceps","forearms","forearms","cable","videos/1644-3XFdb1Z.gif","94950","images/1644-3XFdb1Z.jpg","true","© Gym visual — https://gymvisual.com/"
"0224","cable standing back wrist curl","lower arms","forearms","biceps","biceps; brachialis","cable","videos/0224-VhX2JdE.gif","62103","images/0224-VhX2JdE.jpg","true","© Gym visual — https://gymvisual.com/"
"1375","cable standing calf raise","lower legs","calves","hamstrings","hamstrings; glutes","cable","videos/1375-yl2IYyy.gif","102452","images/1375-yl2IYyy.jpg","true","© Gym visual — https://gymvisual.com/"
"0225","cable standing cross-over high reverse fly","shoulders","delts","trapezius","trapezius; rhomboids; rear deltoids","cable","videos/0225-P5p0j8B.gif","59976","images/0225-P5p0j8B.jpg","true","© Gym visual — https://gymvisual.com/"
"0226","cable standing crunch","waist","abs","obliques","obliques","cable","videos/0226-jpgqxiS.gif","79946","images/0226-jpgqxiS.jpg","true","© Gym visual — https://gymvisual.com/"
"0874","cable standing crunch (with rope attachment)","waist","abs","obliques","obliques","cable","videos/0874-XU3ePuv.gif","116927","images/0874-XU3ePuv.jpg","true","© Gym visual — https://gymvisual.com/"
"0227","cable standing fly","chest","pectorals","deltoids","deltoids; triceps","cable","videos/0227-Pr9Rhf4.gif","83348","images/0227-Pr9Rhf4.jpg","true","© Gym visual — https://gymvisual.com/"
"0228","cable standing hip extension","upper legs","glutes","hamstrings","hamstrings; quadriceps","cable","videos/0228-Kpajagk.gif","75060","images/0228-Kpajagk.jpg","true","© Gym visual — https://gymvisual.com/"
"0229","cable standing inner curl","upper arms","biceps","forearms","forearms","cable","videos/0229-YwnI4ja.gif","76299","images/0229-YwnI4ja.jpg","true","© Gym visual — https://gymvisual.com/"
"0230","cable standing lift","waist","abs","obliques","obliques; lower back","cable","videos/0230-qFpAkpP.gif","77092","images/0230-qFpAkpP.jpg","true","© Gym visual — https://gymvisual.com/"
"0231","cable standing one arm triceps extension","upper arms","triceps","shoulders","shoulders","cable","videos/0231-sYCcnon.gif","58354","images/0231-sYCcnon.jpg","true","© Gym visual — https://gymvisual.com/"
"1376","cable standing one leg calf raise","lower legs","calves","ankles","ankles; feet","cable","videos/1376-fgc9Xdl.gif","123583","images/1376-fgc9Xdl.jpg","true","© Gym visual — https://gymvisual.com/"
"0232","cable standing pulldown (with rope)","upper arms","biceps","forearms","forearms; shoulders","cable","videos/0232-CvPn9WV.gif","100830","images/0232-CvPn9WV.jpg","true","© Gym visual — https://gymvisual.com/"
"0233","cable standing rear delt row (with rope)","shoulders","delts","trapezius","trapezius; rhomboids; biceps","cable","videos/0233-ZfyAGhK.gif","111245","images/0233-ZfyAGhK.jpg","true","© Gym visual — https://gymvisual.com/"
"1727","cable standing reverse grip one arm overhead tricep extension","upper arms","triceps","shoulders","shoulders","cable","videos/1727-i11JWU7.gif","59812","images/1727-i11JWU7.jpg","true","© Gym visual — https://gymvisual.com/"
"0234","cable standing row (v-bar)","back","upper back","biceps","biceps; shoulders","cable","videos/0234-4f8RXP8.gif","57283","images/0234-4f8RXP8.jpg","true","© Gym visual — https://gymvisual.com/"
"0235","cable standing shoulder external rotation","shoulders","delts","rotator cuff","rotator cuff; trapezius","cable","videos/0235-FWdVhcW.gif","72693","images/0235-FWdVhcW.jpg","true","© Gym visual — https://gymvisual.com/"
"0236","cable standing twist row (v-bar)","back","upper back","biceps","biceps; shoulders","cable","videos/0236-JOZhu2h.gif","62094","images/0236-JOZhu2h.jpg","true","© Gym visual — https://gymvisual.com/"
"1269","cable standing up straight crossovers","chest","pectorals","deltoids","deltoids; triceps","cable","videos/1269-UKWTJWR.gif","75121","images/1269-UKWTJWR.jpg","true","© Gym visual — https://gymvisual.com/"
"0238","cable straight arm pulldown","back","lats","shoulders","shoulders; biceps","cable","videos/0238-x69MAlq.gif","63671","images/0238-x69MAlq.jpg","true","© Gym visual — https://gymvisual.com/"
"0237","cable straight arm pulldown (with rope)","back","lats","biceps","biceps; forearms","cable","videos/0237-DT14T9T.gif","101917","images/0237-DT14T9T.jpg","true","© Gym visual — https://gymvisual.com/"
"0239","cable straight back seated row","back","upper back","biceps","biceps; forearms; shoulders","cable","videos/0239-Tq6gbK6.gif","122120","images/0239-Tq6gbK6.jpg","true","© Gym visual — https://gymvisual.com/"
"0240","cable supine reverse fly","shoulders","delts","trapezius","trapezius; rhomboids","cable","videos/0240-PQcUlDi.gif","118453","images/0240-PQcUlDi.jpg","true","© Gym visual — https://gymvisual.com/"
"2464","cable thibaudeau kayak row","back","lats","biceps","biceps; rhomboids; rear deltoids","cable","videos/2464-ZgwWBoC.gif","165664","images/2464-ZgwWBoC.jpg","true","© Gym visual — https://gymvisual.com/"
"0241","cable triceps pushdown (v-bar)","upper arms","triceps","forearms","forearms","cable","videos/0241-gAwDzB3.gif","89810","images/0241-gAwDzB3.jpg","true","© Gym visual — https://gymvisual.com/"
"2405","cable triceps pushdown (v-bar) (with arm blaster)","upper arms","triceps","forearms","forearms","cable","videos/2405-OxJk1fg.gif","97346","images/2405-OxJk1fg.jpg","true","© Gym visual — https://gymvisual.com/"
"0242","cable tuck reverse crunch","waist","abs","hip flexors","hip flexors","cable","videos/0242-TXtXc84.gif","53379","images/0242-TXtXc84.jpg","true","© Gym visual — https://gymvisual.com/"
"0243","cable twist","waist","abs","obliques","obliques","cable","videos/0243-aVs3BR3.gif","82088","images/0243-aVs3BR3.jpg","true","© Gym visual — https://gymvisual.com/"
"0862","cable twist (up-down)","waist","abs","obliques","obliques; lower back","cable","videos/0862-fhZQPlV.gif","71053","images/0862-fhZQPlV.jpg","true","© Gym visual — https://gymvisual.com/"
"0244","cable twisting pull","back","lats","shoulders","shoulders; biceps","cable","videos/0244-zCgxPbV.gif","69995","images/0244-zCgxPbV.jpg","true","© Gym visual — https://gymvisual.com/"
"1645","cable two arm curl on incline bench","upper arms","biceps","forearms","forearms","cable","videos/1645-H9y3Dkr.gif","92950","images/1645-H9y3Dkr.jpg","true","© Gym visual — https://gymvisual.com/"
"1728","cable two arm tricep kickback","upper arms","triceps","shoulders","shoulders","cable","videos/1728-vvNjDJS.gif","144980","images/1728-vvNjDJS.jpg","true","© Gym visual — https://gymvisual.com/"
"0245","cable underhand pulldown","back","lats","biceps","biceps; forearms","cable","videos/0245-xBYcQHj.gif","91524","images/0245-xBYcQHj.jpg","true","© Gym visual — https://gymvisual.com/"
"1270","cable upper chest crossovers","chest","pectorals","deltoids","deltoids; triceps","cable","videos/1270-j7XMAyn.gif","67620","images/1270-j7XMAyn.jpg","true","© Gym visual — https://gymvisual.com/"
"1324","cable upper row","back","upper back","biceps","biceps; shoulders","cable","videos/1324-PQStVXH.gif","101382","images/1324-PQStVXH.jpg","true","© Gym visual — https://gymvisual.com/"
"0246","cable upright row","shoulders","delts","traps","traps; biceps","cable","videos/0246-cALKspW.gif","117575","images/0246-cALKspW.jpg","true","© Gym visual — https://gymvisual.com/"
"1325","cable wide grip rear pulldown behind neck","back","lats","biceps","biceps; rhomboids; rear deltoids","cable","videos/1325-CmEr4pM.gif","85507","images/1325-CmEr4pM.jpg","true","© Gym visual — https://gymvisual.com/"
"0247","cable wrist curl","lower arms","forearms","biceps","biceps; brachialis","cable","videos/0247-LrV4s90.gif","105062","images/0247-LrV4s90.jpg","true","© Gym visual — https://gymvisual.com/"
"1407","calf push stretch with hands against wall","lower legs","calves","hamstrings","hamstrings","body weight","videos/1407-PzNxakt.gif","55874","images/1407-PzNxakt.jpg","true","© Gym visual — https://gymvisual.com/"
"1377","calf stretch with hands against wall","lower legs","calves","hamstrings","hamstrings","body weight","videos/1377-m0tCHqc.gif","82277","images/1377-m0tCHqc.jpg","true","© Gym visual — https://gymvisual.com/"
"1378","calf stretch with rope","lower legs","calves","hamstrings","hamstrings","rope","videos/1378-1LVFcEn.gif","78867","images/1378-1LVFcEn.jpg","true","© Gym visual — https://gymvisual.com/"
"0248","cambered bar lying row","back","upper back","biceps","biceps; forearms","barbell","videos/0248-R5swFnc.gif","107883","images/0248-R5swFnc.jpg","true","© Gym visual — https://gymvisual.com/"
"2963","captains chair straight leg raise","waist","abs","hip flexors","hip flexors","body weight","videos/2963-weoDEpH.gif","94623","images/2963-weoDEpH.jpg","true","© Gym visual — https://gymvisual.com/"
"1548","chair leg extended stretch","upper legs","quads","hamstrings","hamstrings; calves","body weight","videos/1548-xGgAGPm.gif","101703","images/1548-xGgAGPm.jpg","true","© Gym visual — https://gymvisual.com/"
"1271","chest and front of shoulder stretch","chest","pectorals","deltoids","deltoids","body weight","videos/1271-Uto7l43.gif","83211","images/1271-Uto7l43.jpg","true","© Gym visual — https://gymvisual.com/"
"0251","chest dip","chest","pectorals","triceps","triceps; shoulders","body weight","videos/0251-9WTm7dq.gif","87629","images/0251-9WTm7dq.jpg","true","© Gym visual — https://gymvisual.com/"
"1430","chest dip (on dip-pull-up cage)","chest","pectorals","triceps","triceps; shoulders","body weight","videos/1430-XgWyAiA.gif","91901","images/1430-XgWyAiA.jpg","true","© Gym visual — https://gymvisual.com/"
"2462","chest dip on straight bar","chest","pectorals","triceps","triceps; shoulders","body weight","videos/2462-LQFOrMn.gif","69944","images/2462-LQFOrMn.jpg","true","© Gym visual — https://gymvisual.com/"
"1272","chest stretch with exercise ball","chest","pectorals","shoulders","shoulders; triceps","stability ball","videos/1272-ykA5tU7.gif","102544","images/1272-ykA5tU7.jpg","true","© Gym visual — https://gymvisual.com/"
"3216","chest tap push-up (male)","chest","pectorals","triceps","triceps; shoulders","body weight","videos/3216-7E06s6d.gif","78598","images/3216-7E06s6d.jpg","true","© Gym visual — https://gymvisual.com/"
"1326","chin-up","back","lats","biceps","biceps; forearms","body weight","videos/1326-T2mxWqc.gif","65350","images/1326-T2mxWqc.jpg","true","© Gym visual — https://gymvisual.com/"
"0253","chin-ups (narrow parallel grip)","back","upper back","biceps","biceps; forearms","body weight","videos/0253-G70mEAJ.gif","68584","images/0253-G70mEAJ.jpg","true","© Gym visual — https://gymvisual.com/"
"0257","circles knee stretch","lower legs","calves","hamstrings","hamstrings; quadriceps","body weight","videos/0257-X7jbxra.gif","73202","images/0257-X7jbxra.jpg","true","© Gym visual — https://gymvisual.com/"
"1273","clap push up","chest","pectorals","triceps","triceps; shoulders","body weight","videos/1273-wigSg76.gif","88367","images/1273-wigSg76.jpg","true","© Gym visual — https://gymvisual.com/"
"0258","clock push-up","chest","pectorals","triceps","triceps; shoulders; core","body weight","videos/0258-CMAxnsG.gif","78932","images/0258-CMAxnsG.jpg","true","© Gym visual — https://gymvisual.com/"
"1327","close grip chin-up","back","lats","biceps","biceps; forearms","body weight","videos/1327-VnfUNW7.gif","63279","images/1327-VnfUNW7.jpg","true","© Gym visual — https://gymvisual.com/"
"0259","close-grip push-up","upper arms","triceps","chest","chest; shoulders","body weight","videos/0259-x6KpKpq.gif","95179","images/0259-x6KpKpq.jpg","true","© Gym visual — https://gymvisual.com/"
"2398","close-grip push-up (on knees)","upper arms","triceps","chest","chest; shoulders","body weight","videos/2398-v3vLFW0.gif","94352","images/2398-v3vLFW0.jpg","true","© Gym visual — https://gymvisual.com/"
"0260","cocoons","waist","abs","hip flexors","hip flexors; lower back","body weight","videos/0260-SLKj2pX.gif","50934","images/0260-SLKj2pX.jpg","true","© Gym visual — https://gymvisual.com/"
"1468","crab twist toe touch","waist","abs","obliques","obliques; hip flexors","body weight","videos/1468-xgsGFVM.gif","108967","images/1468-xgsGFVM.jpg","true","© Gym visual — https://gymvisual.com/"
"0262","cross body crunch","waist","abs","obliques","obliques","body weight","videos/0262-rbu5UUb.gif","83137","images/0262-rbu5UUb.jpg","true","© Gym visual — https://gymvisual.com/"
"0267","crunch (hands overhead)","waist","abs","hip flexors","hip flexors","body weight","videos/0267-kjJ3VoQ.gif","70690","images/0267-kjJ3VoQ.jpg","true","© Gym visual — https://gymvisual.com/"
"0271","crunch (on stability ball)","waist","abs","hip flexors","hip flexors","stability ball","videos/0271-MCUhf1F.gif","112532","images/0271-MCUhf1F.jpg","true","© Gym visual — https://gymvisual.com/"
"0272","crunch (on stability ball, arms straight)","waist","abs","hip flexors","hip flexors","stability ball","videos/0272-Sn8wxAI.gif","97142","images/0272-Sn8wxAI.jpg","true","© Gym visual — https://gymvisual.com/"
"0274","crunch floor","waist","abs","hip flexors","hip flexors","body weight","videos/0274-TFqbd8t.gif","95123","images/0274-TFqbd8t.jpg","true","© Gym visual — https://gymvisual.com/"
"3016","curl-up","waist","abs","hip flexors","hip flexors","body weight","videos/3016-g2oKspu.gif","63171","images/3016-g2oKspu.jpg","true","© Gym visual — https://gymvisual.com/"
"3769","curtsey squat","upper legs","glutes","quadriceps","quadriceps; hamstrings; calves","body weight","videos/3769-gUjqdei.gif","148841","images/3769-gUjqdei.jpg","true","© Gym visual — https://gymvisual.com/"
"2331","cycle cross trainer","cardio","cardiovascular system","quadriceps","quadriceps; hamstrings; glutes","leverage machine","videos/2331-XSCHmiI.gif","108190","images/2331-XSCHmiI.jpg","true","© Gym visual — https://gymvisual.com/"
"0276","dead bug","waist","abs","hip flexors","hip flexors; lower back","body weight","videos/0276-iny3m5y.gif","74568","images/0276-iny3m5y.jpg","true","© Gym visual — https://gymvisual.com/"
"0277","decline crunch","waist","abs","hip flexors","hip flexors","body weight","videos/0277-9Ap7miY.gif","83754","images/0277-9Ap7miY.jpg","true","© Gym visual — https://gymvisual.com/"
"0279","decline push-up","chest","pectorals","triceps","triceps; shoulders","body weight","videos/0279-i5cEhka.gif","81038","images/0279-i5cEhka.jpg","true","© Gym visual — https://gymvisual.com/"
"0282","decline sit-up","waist","abs","hip flexors","hip flexors; lower back","body weight","videos/0282-QLL2gdc.gif","102114","images/0282-QLL2gdc.jpg","true","© Gym visual — https://gymvisual.com/"
"1274","deep push up","chest","pectorals","triceps","triceps; shoulders","dumbbell","videos/1274-vptOQ4N.gif","112266","images/1274-vptOQ4N.jpg","true","© Gym visual — https://gymvisual.com/"
"0283","diamond push-up","upper arms","triceps","chest","chest; shoulders","body weight","videos/0283-soIB2rj.gif","98447","images/0283-soIB2rj.jpg","true","© Gym visual — https://gymvisual.com/"
"0284","donkey calf raise","lower legs","calves","hamstrings","hamstrings; glutes","body weight","videos/0284-u5ESqzH.gif","93860","images/0284-u5ESqzH.jpg","true","© Gym visual — https://gymvisual.com/"
"1275","drop push up","chest","pectorals","triceps","triceps; shoulders","body weight","videos/1275-Q497lAE.gif","168230","images/1275-Q497lAE.jpg","true","© Gym visual — https://gymvisual.com/"
"0285","dumbbell alternate biceps curl","upper arms","biceps","forearms","forearms","dumbbell","videos/0285-BU15nH4.gif","77451","images/0285-BU15nH4.jpg","true","© Gym visual — https://gymvisual.com/"
"2403","dumbbell alternate biceps curl (with arm blaster)","upper arms","biceps","forearms","forearms","dumbbell","videos/2403-CfKsRbG.gif","143194","images/2403-CfKsRbG.jpg","true","© Gym visual — https://gymvisual.com/"
"1646","dumbbell alternate hammer preacher curl","upper arms","biceps","forearms","forearms","dumbbell","videos/1646-fy7Tgy4.gif","107560","images/1646-fy7Tgy4.jpg","true","© Gym visual — https://gymvisual.com/"
"1647","dumbbell alternate preacher curl","upper arms","biceps","forearms","forearms","dumbbell","videos/1647-NlfIbzq.gif","106047","images/1647-NlfIbzq.jpg","true","© Gym visual — https://gymvisual.com/"
"1648","dumbbell alternate seated hammer curl","upper arms","biceps","forearms","forearms","dumbbell","videos/1648-6em2Dxj.gif","116837","images/1648-6em2Dxj.jpg","true","© Gym visual — https://gymvisual.com/"
"0286","dumbbell alternate side press","shoulders","delts","triceps","triceps; core","dumbbell","videos/0286-izMnLqz.gif","62740","images/0286-izMnLqz.jpg","true","© Gym visual — https://gymvisual.com/"
"1649","dumbbell alternating bicep curl with leg raised on exercise ball","upper arms","biceps","forearms","forearms; shoulders","dumbbell","videos/1649-Zwiw7XR.gif","118809","images/1649-Zwiw7XR.jpg","true","© Gym visual — https://gymvisual.com/"
"1650","dumbbell alternating seated bicep curl on exercise ball","upper arms","biceps","forearms","forearms","dumbbell","videos/1650-J74XlNf.gif","122466","images/1650-J74XlNf.jpg","true","© Gym visual — https://gymvisual.com/"
"2137","dumbbell arnold press","shoulders","delts","triceps","triceps; upper chest","dumbbell","videos/2137-Xy4jlWA.gif","86572","images/2137-Xy4jlWA.jpg","true","© Gym visual — https://gymvisual.com/"
"0287","dumbbell arnold press v. 2","shoulders","delts","triceps","triceps; upper chest","dumbbell","videos/0287-eOrFCnx.gif","88634","images/0287-eOrFCnx.jpg","true","© Gym visual — https://gymvisual.com/"
"0288","dumbbell around pullover","chest","pectorals","triceps","triceps; latissimus dorsi","dumbbell","videos/0288-vi8EhoE.gif","74008","images/0288-vi8EhoE.jpg","true","© Gym visual — https://gymvisual.com/"
"0289","dumbbell bench press","chest","pectorals","triceps","triceps; shoulders","dumbbell","videos/0289-SpYC0Kp.gif","100673","images/0289-SpYC0Kp.jpg","true","© Gym visual — https://gymvisual.com/"
"0290","dumbbell bench seated press","shoulders","delts","triceps","triceps; chest","dumbbell","videos/0290-3d7wHyd.gif","91500","images/0290-3d7wHyd.jpg","true","© Gym visual — https://gymvisual.com/"
"0291","dumbbell bench squat","upper legs","glutes","quadriceps","quadriceps; hamstrings; calves","dumbbell","videos/0291-mnzcrIB.gif","83133","images/0291-mnzcrIB.jpg","true","© Gym visual — https://gymvisual.com/"
"0293","dumbbell bent over row","back","upper back","biceps","biceps; forearms","dumbbell","videos/0293-BJ0Hz5L.gif","105292","images/0293-BJ0Hz5L.jpg","true","© Gym visual — https://gymvisual.com/"
"1651","dumbbell bicep curl lunge with bowling motion","upper arms","biceps","forearms","forearms; shoulders","dumbbell","videos/1651-1VpF8db.gif","92788","images/1651-1VpF8db.jpg","true","© Gym visual — https://gymvisual.com/"
"1652","dumbbell bicep curl on exercise ball with leg raised","upper arms","biceps","forearms","forearms; shoulders","dumbbell","videos/1652-2NImIAG.gif","124571","images/1652-2NImIAG.jpg","true","© Gym visual — https://gymvisual.com/"
"1653","dumbbell bicep curl with stork stance","upper arms","biceps","forearms","forearms","dumbbell","videos/1653-uSkDMYl.gif","122958","images/1653-uSkDMYl.jpg","true","© Gym visual — https://gymvisual.com/"
"0294","dumbbell biceps curl","upper arms","biceps","forearms","forearms","dumbbell","videos/0294-NbVPDMW.gif","71565","images/0294-NbVPDMW.jpg","true","© Gym visual — https://gymvisual.com/"
"2401","dumbbell biceps curl (with arm blaster)","upper arms","biceps","forearms","forearms","dumbbell","videos/2401-nlJsbkW.gif","84302","images/2401-nlJsbkW.jpg","true","© Gym visual — https://gymvisual.com/"
"1654","dumbbell biceps curl reverse","upper arms","biceps","forearms","forearms","dumbbell","videos/1654-nFc4FyV.gif","77284","images/1654-nFc4FyV.jpg","true","© Gym visual — https://gymvisual.com/"
"1655","dumbbell biceps curl squat","upper arms","biceps","forearms","forearms","dumbbell","videos/1655-niXESDw.gif","73281","images/1655-niXESDw.jpg","true","© Gym visual — https://gymvisual.com/"
"1656","dumbbell biceps curl v sit on bosu ball","upper arms","biceps","forearms","forearms; shoulders","dumbbell","videos/1656-H1XAdpk.gif","140449","images/1656-H1XAdpk.jpg","true","© Gym visual — https://gymvisual.com/"
"1201","dumbbell burpee","cardio","cardiovascular system","quadriceps","quadriceps; hamstrings; calves; shoulders; triceps; core","dumbbell","videos/1201-0JtKWum.gif","132533","images/1201-0JtKWum.jpg","true","© Gym visual — https://gymvisual.com/"
"0295","dumbbell clean","upper legs","glutes","hamstrings","hamstrings; quadriceps; calves","dumbbell","videos/0295-7Hg55JG.gif","119402","images/0295-7Hg55JG.jpg","true","© Gym visual — https://gymvisual.com/"
"1731","dumbbell close grip press","upper arms","triceps","chest","chest; shoulders","dumbbell","videos/1731-7jGOBF3.gif","100505","images/1731-7jGOBF3.jpg","true","© Gym visual — https://gymvisual.com/"
"0296","dumbbell close-grip press","upper arms","triceps","chest","chest; shoulders","dumbbell","videos/0296-RxayqAZ.gif","113586","images/0296-RxayqAZ.jpg","true","© Gym visual — https://gymvisual.com/"
"0297","dumbbell concentration curl","upper arms","biceps","forearms","forearms","dumbbell","videos/0297-gvsWLQw.gif","117817","images/0297-gvsWLQw.jpg","true","© Gym visual — https://gymvisual.com/"
"3635","dumbbell contralateral forward lunge","upper legs","glutes","quadriceps","quadriceps; hamstrings; calves","dumbbell","videos/3635-ecl28tP.gif","89346","images/3635-ecl28tP.jpg","true","© Gym visual — https://gymvisual.com/"
"0298","dumbbell cross body hammer curl","upper arms","biceps","forearms","forearms","dumbbell","videos/0298-Qyk5J3p.gif","79259","images/0298-Qyk5J3p.jpg","true","© Gym visual — https://gymvisual.com/"
"1657","dumbbell cross body hammer curl v. 2","upper arms","biceps","forearms","forearms","dumbbell","videos/1657-HDYiZcY.gif","83301","images/1657-HDYiZcY.jpg","true","© Gym visual — https://gymvisual.com/"
"0299","dumbbell cuban press","shoulders","delts","triceps","triceps; upper back","dumbbell","videos/0299-QfAKy1G.gif","122395","images/0299-QfAKy1G.jpg","true","© Gym visual — https://gymvisual.com/"
"2136","dumbbell cuban press v. 2","shoulders","delts","triceps","triceps; upper back","dumbbell","videos/2136-BqgCRif.gif","189470","images/2136-BqgCRif.jpg","true","© Gym visual — https://gymvisual.com/"
"0300","dumbbell deadlift","upper legs","glutes","hamstrings","hamstrings; lower back","dumbbell","videos/0300-nUwVh7b.gif","68784","images/0300-nUwVh7b.jpg","true","© Gym visual — https://gymvisual.com/"
"0301","dumbbell decline bench press","chest","pectorals","triceps","triceps; shoulders","dumbbell","videos/0301-DwhEmmE.gif","88942","images/0301-DwhEmmE.jpg","true","© Gym visual — https://gymvisual.com/"
"0302","dumbbell decline fly","chest","pectorals","shoulders","shoulders","dumbbell","videos/0302-xXm4nYq.gif","97352","images/0302-xXm4nYq.jpg","true","© Gym visual — https://gymvisual.com/"
"0303","dumbbell decline hammer press","chest","pectorals","triceps","triceps; shoulders","dumbbell","videos/0303-1qrWgZ2.gif","93649","images/0303-1qrWgZ2.jpg","true","© Gym visual — https://gymvisual.com/"
"1276","dumbbell decline one arm fly","chest","pectorals","shoulders","shoulders","dumbbell","videos/1276-NL6YBwN.gif","96905","images/1276-NL6YBwN.jpg","true","© Gym visual — https://gymvisual.com/"
"1617","dumbbell decline one arm hammer press","upper arms","triceps","chest","chest; shoulders","dumbbell","videos/1617-SHUMp5H.gif","89406","images/1617-SHUMp5H.jpg","true","© Gym visual — https://gymvisual.com/"
"0305","dumbbell decline shrug","back","traps","shoulders","shoulders; rhomboids","dumbbell","videos/0305-cwsAI4G.gif","107586","images/0305-cwsAI4G.jpg","true","© Gym visual — https://gymvisual.com/"
"0304","dumbbell decline shrug v. 2","back","traps","shoulders","shoulders; rhomboids","dumbbell","videos/0304-bRlbdjK.gif","126653","images/0304-bRlbdjK.jpg","true","© Gym visual — https://gymvisual.com/"
"0306","dumbbell decline triceps extension","upper arms","triceps","shoulders","shoulders","dumbbell","videos/0306-OTgkHwR.gif","99908","images/0306-OTgkHwR.jpg","true","© Gym visual — https://gymvisual.com/"
"0307","dumbbell decline twist fly","chest","pectorals","shoulders","shoulders; triceps","dumbbell","videos/0307-reFHapa.gif","100734","images/0307-reFHapa.jpg","true","© Gym visual — https://gymvisual.com/"
"1437","dumbbell finger curls","lower arms","forearms","wrist flexors","wrist flexors; wrist extensors","dumbbell","videos/1437-mtXengz.gif","168172","images/1437-mtXengz.jpg","true","© Gym visual — https://gymvisual.com/"
"0308","dumbbell fly","chest","pectorals","shoulders","shoulders","dumbbell","videos/0308-yz9nUhF.gif","111040","images/0308-yz9nUhF.jpg","true","© Gym visual — https://gymvisual.com/"
"1277","dumbbell fly on exercise ball","chest","pectorals","shoulders","shoulders; triceps","dumbbell","videos/1277-Lt3iWnf.gif","95448","images/1277-Lt3iWnf.jpg","true","© Gym visual — https://gymvisual.com/"
"1732","dumbbell forward lunge triceps extension","upper arms","triceps","shoulders","shoulders; core","dumbbell","videos/1732-XalXcvM.gif","129949","images/1732-XalXcvM.jpg","true","© Gym visual — https://gymvisual.com/"
"0310","dumbbell front raise","shoulders","delts","biceps","biceps; trapezius","dumbbell","videos/0310-3eGE2JC.gif","80626","images/0310-3eGE2JC.jpg","true","© Gym visual — https://gymvisual.com/"
"0309","dumbbell front raise v. 2","shoulders","delts","trapezius","trapezius; biceps","dumbbell","videos/0309-Rr7S3yg.gif","76916","images/0309-Rr7S3yg.jpg","true","© Gym visual — https://gymvisual.com/"
"0311","dumbbell full can lateral raise","shoulders","delts","traps","traps; rotator cuff","dumbbell","videos/0311-AQ0mC4Y.gif","90131","images/0311-AQ0mC4Y.jpg","true","© Gym visual — https://gymvisual.com/"
"1760","dumbbell goblet squat","upper legs","quads","glutes","glutes; hamstrings; calves","dumbbell","videos/1760-yn8yg1r.gif","68809","images/1760-yn8yg1r.jpg","true","© Gym visual — https://gymvisual.com/"
"0313","dumbbell hammer curl","upper arms","biceps","forearms","forearms","dumbbell","videos/0313-slDvUAU.gif","78291","images/0313-slDvUAU.jpg","true","© Gym visual — https://gymvisual.com/"
"1659","dumbbell hammer curl on exercise ball","upper arms","biceps","forearms","forearms","dumbbell","videos/1659-fY68AyX.gif","119810","images/1659-fY68AyX.jpg","true","© Gym visual — https://gymvisual.com/"
"0312","dumbbell hammer curl v. 2","upper arms","biceps","forearms","forearms","dumbbell","videos/0312-2NpxjC1.gif","78325","images/0312-2NpxjC1.jpg","true","© Gym visual — https://gymvisual.com/"
"2402","dumbbell hammer curls (with arm blaster)","upper arms","biceps","forearms","forearms","dumbbell","videos/2402-GNhAeJ0.gif","85369","images/2402-GNhAeJ0.jpg","true","© Gym visual — https://gymvisual.com/"
"1664","dumbbell high curl","upper arms","biceps","forearms","forearms","dumbbell","videos/1664-qAmNMJY.gif","98638","images/1664-qAmNMJY.jpg","true","© Gym visual — https://gymvisual.com/"
"3545","dumbbell incline alternate press","chest","pectorals","shoulders","shoulders; triceps","dumbbell","videos/3545-TVdivgY.gif","160608","images/3545-TVdivgY.jpg","true","© Gym visual — https://gymvisual.com/"
"0314","dumbbell incline bench press","chest","pectorals","shoulders","shoulders; triceps","dumbbell","videos/0314-ns0SIbU.gif","82733","images/0314-ns0SIbU.jpg","true","© Gym visual — https://gymvisual.com/"
"0315","dumbbell incline biceps curl","upper arms","biceps","forearms","forearms","dumbbell","videos/0315-F3xgbjF.gif","144475","images/0315-F3xgbjF.jpg","true","© Gym visual — https://gymvisual.com/"
"0316","dumbbell incline breeding","chest","pectorals","shoulders","shoulders; triceps","dumbbell","videos/0316-B3Rxp6L.gif","89542","images/0316-B3Rxp6L.jpg","true","© Gym visual — https://gymvisual.com/"
"0318","dumbbell incline curl","upper arms","biceps","forearms","forearms","dumbbell","videos/0318-ae9UoXQ.gif","101362","images/0318-ae9UoXQ.jpg","true","© Gym visual — https://gymvisual.com/"
"0317","dumbbell incline curl v. 2","upper arms","biceps","forearms","forearms","dumbbell","videos/0317-RaflbWD.gif","108637","images/0317-RaflbWD.jpg","true","© Gym visual — https://gymvisual.com/"
"0319","dumbbell incline fly","chest","pectorals","shoulders","shoulders","dumbbell","videos/0319-ESOd5Pl.gif","103885","images/0319-ESOd5Pl.jpg","true","© Gym visual — https://gymvisual.com/"
"1278","dumbbell incline fly on exercise ball","chest","pectorals","shoulders","shoulders","dumbbell","videos/1278-HYe1ZqR.gif","99126","images/1278-HYe1ZqR.jpg","true","© Gym visual — https://gymvisual.com/"
"0320","dumbbell incline hammer curl","upper arms","biceps","forearms","forearms","dumbbell","videos/0320-ByX0WxV.gif","109253","images/0320-ByX0WxV.jpg","true","© Gym visual — https://gymvisual.com/"
"0321","dumbbell incline hammer press","chest","pectorals","shoulders","shoulders; triceps","dumbbell","videos/0321-PG1kcIb.gif","84478","images/0321-PG1kcIb.jpg","true","© Gym visual — https://gymvisual.com/"
"1618","dumbbell incline hammer press on exercise ball","upper arms","triceps","chest","chest; shoulders","dumbbell","videos/1618-wkgnGfb.gif","88459","images/1618-wkgnGfb.jpg","true","© Gym visual — https://gymvisual.com/"
"0322","dumbbell incline inner biceps curl","upper arms","biceps","forearms","forearms","dumbbell","videos/0322-LCtQPn8.gif","125352","images/0322-LCtQPn8.jpg","true","© Gym visual — https://gymvisual.com/"
"1279","dumbbell incline one arm fly","chest","pectorals","deltoids","deltoids; triceps","dumbbell","videos/1279-Gw2HFvW.gif","83008","images/1279-Gw2HFvW.jpg","true","© Gym visual — https://gymvisual.com/"
"1280","dumbbell incline one arm fly on exercise ball","chest","pectorals","shoulders","shoulders","dumbbell","videos/1280-LLNh6q5.gif","89571","images/1280-LLNh6q5.jpg","true","© Gym visual — https://gymvisual.com/"
"1619","dumbbell incline one arm hammer press","upper arms","triceps","shoulders","shoulders; chest","dumbbell","videos/1619-LL1UiTX.gif","77460","images/1619-LL1UiTX.jpg","true","© Gym visual — https://gymvisual.com/"
"1620","dumbbell incline one arm hammer press on exercise ball","upper arms","triceps","shoulders","shoulders; chest","dumbbell","videos/1620-jDnrkar.gif","81454","images/1620-jDnrkar.jpg","true","© Gym visual — https://gymvisual.com/"
"0323","dumbbell incline one arm lateral raise","shoulders","delts","trapezius","trapezius; triceps","dumbbell","videos/0323-aTNKZiC.gif","93322","images/0323-aTNKZiC.jpg","true","© Gym visual — https://gymvisual.com/"
"1281","dumbbell incline one arm press","chest","pectorals","shoulders","shoulders; triceps","dumbbell","videos/1281-rDAiRf9.gif","82281","images/1281-rDAiRf9.jpg","true","© Gym visual — https://gymvisual.com/"
"1282","dumbbell incline one arm press on exercise ball","chest","pectorals","shoulders","shoulders; triceps","dumbbell","videos/1282-Bg5JKSH.gif","86935","images/1282-Bg5JKSH.jpg","true","© Gym visual — https://gymvisual.com/"
"0324","dumbbell incline palm-in press","chest","pectorals","shoulders","shoulders; triceps","dumbbell","videos/0324-OVLmUuL.gif","92316","images/0324-OVLmUuL.jpg","true","© Gym visual — https://gymvisual.com/"
"1283","dumbbell incline press on exercise ball","chest","pectorals","shoulders","shoulders; triceps","dumbbell","videos/1283-bfiHMpI.gif","93160","images/1283-bfiHMpI.jpg","true","© Gym visual — https://gymvisual.com/"
"0325","dumbbell incline raise","shoulders","delts","trapezius","trapezius; triceps","dumbbell","videos/0325-nxW6BkN.gif","102713","images/0325-nxW6BkN.jpg","true","© Gym visual — https://gymvisual.com/"
"0326","dumbbell incline rear lateral raise","shoulders","delts","traps","traps; rhomboids","dumbbell","videos/0326-vYk8lqw.gif","118273","images/0326-vYk8lqw.jpg","true","© Gym visual — https://gymvisual.com/"
"0327","dumbbell incline row","back","upper back","biceps","biceps; shoulders","dumbbell","videos/0327-7vG5o25.gif","109642","images/0327-7vG5o25.jpg","true","© Gym visual — https://gymvisual.com/"
"0328","dumbbell incline shoulder raise","chest","serratus anterior","deltoids","deltoids; trapezius","dumbbell","videos/0328-6e2DcYX.gif","84542","images/0328-6e2DcYX.jpg","true","© Gym visual — https://gymvisual.com/"
"0329","dumbbell incline shrug","back","traps","shoulders","shoulders","dumbbell","videos/0329-JymLInS.gif","102877","images/0329-JymLInS.jpg","true","© Gym visual — https://gymvisual.com/"
"3542","dumbbell incline t-raise","shoulders","delts","traps","traps; rhomboids","dumbbell","videos/3542-jgbvVJ0.gif","99993","images/3542-jgbvVJ0.jpg","true","© Gym visual — https://gymvisual.com/"
"0330","dumbbell incline triceps extension","upper arms","triceps","shoulders","shoulders","dumbbell","videos/0330-OVIKwsd.gif","83464","images/0330-OVIKwsd.jpg","true","© Gym visual — https://gymvisual.com/"
"0331","dumbbell incline twisted flyes","chest","pectorals","shoulders","shoulders; triceps","dumbbell","videos/0331-1PLE8e9.gif","89482","images/0331-1PLE8e9.jpg","true","© Gym visual — https://gymvisual.com/"
"1733","dumbbell incline two arm extension","upper arms","triceps","shoulders","shoulders","dumbbell","videos/1733-U7D9Fx3.gif","83420","images/1733-U7D9Fx3.jpg","true","© Gym visual — https://gymvisual.com/"
"3541","dumbbell incline y-raise","back","upper back","shoulders","shoulders; rear deltoids","dumbbell","videos/3541-PbzNu7c.gif","93719","images/3541-PbzNu7c.jpg","true","© Gym visual — https://gymvisual.com/"
"0332","dumbbell iron cross","shoulders","delts","triceps","triceps; chest","dumbbell","videos/0332-cALkHHX.gif","85930","images/0332-cALkHHX.jpg","true","© Gym visual — https://gymvisual.com/"
"0333","dumbbell kickback","upper arms","triceps","shoulders","shoulders","dumbbell","videos/0333-W6PxUkg.gif","107261","images/0333-W6PxUkg.jpg","true","© Gym visual — https://gymvisual.com/"
"1734","dumbbell kickbacks on exercise ball","upper arms","triceps","shoulders","shoulders; back","dumbbell","videos/1734-cAvTaSg.gif","113547","images/1734-cAvTaSg.jpg","true","© Gym visual — https://gymvisual.com/"
"1660","dumbbell kneeling bicep curl exercise ball","upper arms","biceps","forearms","forearms","dumbbell","videos/1660-2JCuFTU.gif","90587","images/1660-2JCuFTU.jpg","true","© Gym visual — https://gymvisual.com/"
"0334","dumbbell lateral raise","shoulders","delts","traps","traps","dumbbell","videos/0334-DsgkuIt.gif","87645","images/0334-DsgkuIt.jpg","true","© Gym visual — https://gymvisual.com/"
"0335","dumbbell lateral to front raise","shoulders","delts","trapezius","trapezius; biceps","dumbbell","videos/0335-xMjBKwn.gif","130557","images/0335-xMjBKwn.jpg","true","© Gym visual — https://gymvisual.com/"
"0336","dumbbell lunge","upper legs","glutes","quadriceps","quadriceps; hamstrings; calves","dumbbell","videos/0336-RRWFUcw.gif","76120","images/0336-RRWFUcw.jpg","true","© Gym visual — https://gymvisual.com/"
"1658","dumbbell lunge with bicep curl","upper arms","biceps","quadriceps","quadriceps; hamstrings","dumbbell","videos/1658-Mz6lLcW.gif","89678","images/1658-Mz6lLcW.jpg","true","© Gym visual — https://gymvisual.com/"
"0337","dumbbell lying extension (across face)","upper arms","triceps","shoulders","shoulders","dumbbell","videos/0337-L2V5Nan.gif","101217","images/0337-L2V5Nan.jpg","true","© Gym visual — https://gymvisual.com/"
"1729","dumbbell lying alternate extension","upper arms","triceps","shoulders","shoulders","dumbbell","videos/1729-NfP83rA.gif","109077","images/1729-NfP83rA.jpg","true","© Gym visual — https://gymvisual.com/"
"0338","dumbbell lying elbow press","upper arms","triceps","chest","chest; shoulders","dumbbell","videos/0338-eOCOwIR.gif","101970","images/0338-eOCOwIR.jpg","true","© Gym visual — https://gymvisual.com/"
"0863","dumbbell lying external shoulder rotation","shoulders","delts","rotator cuff","rotator cuff; triceps","dumbbell","videos/0863-bmBf7LN.gif","78891","images/0863-bmBf7LN.jpg","true","© Gym visual — https://gymvisual.com/"
"0339","dumbbell lying femoral","upper legs","hamstrings","glutes","glutes","dumbbell","videos/0339-FkBIE6a.gif","76970","images/0339-FkBIE6a.jpg","true","© Gym visual — https://gymvisual.com/"
"0340","dumbbell lying hammer press","chest","pectorals","triceps","triceps; shoulders","dumbbell","videos/0340-7gdLIXa.gif","120186","images/0340-7gdLIXa.jpg","true","© Gym visual — https://gymvisual.com/"
"2470","dumbbell lying on floor rear delt raise","shoulders","delts","trapezius","trapezius; rhomboids","dumbbell","videos/2470-Ion0XWz.gif","106350","images/2470-Ion0XWz.jpg","true","© Gym visual — https://gymvisual.com/"
"0341","dumbbell lying one arm deltoid rear","shoulders","delts","trapezius","trapezius; rhomboids","dumbbell","videos/0341-gSw59a4.gif","105087","images/0341-gSw59a4.jpg","true","© Gym visual — https://gymvisual.com/"
"0343","dumbbell lying one arm press","chest","pectorals","triceps","triceps; shoulders","dumbbell","videos/0343-zGSIWQi.gif","98857","images/0343-zGSIWQi.jpg","true","© Gym visual — https://gymvisual.com/"
"0342","dumbbell lying one arm press v. 2","chest","pectorals","triceps","triceps; shoulders","dumbbell","videos/0342-K3dIO25.gif","126939","images/0342-K3dIO25.jpg","true","© Gym visual — https://gymvisual.com/"
"0344","dumbbell lying one arm pronated triceps extension","upper arms","triceps","shoulders","shoulders","dumbbell","videos/0344-wyaqzOS.gif","102913","images/0344-wyaqzOS.jpg","true","© Gym visual — https://gymvisual.com/"
"0345","dumbbell lying one arm rear lateral raise","shoulders","delts","traps","traps; rhomboids","dumbbell","videos/0345-KwFGiEP.gif","107832","images/0345-KwFGiEP.jpg","true","© Gym visual — https://gymvisual.com/"
"0346","dumbbell lying one arm supinated triceps extension","upper arms","triceps","forearms","forearms","dumbbell","videos/0346-zZlORz6.gif","119715","images/0346-zZlORz6.jpg","true","© Gym visual — https://gymvisual.com/"
"0347","dumbbell lying pronation","lower arms","forearms","biceps","biceps; shoulders","dumbbell","videos/0347-mym4hJo.gif","95655","images/0347-mym4hJo.jpg","true","© Gym visual — https://gymvisual.com/"
"2705","dumbbell lying pronation on floor","lower arms","forearms","biceps","biceps; triceps","dumbbell","videos/2705-7RWNjiB.gif","76062","images/2705-7RWNjiB.jpg","true","© Gym visual — https://gymvisual.com/"
"1284","dumbbell lying pullover on exercise ball","chest","pectorals","triceps","triceps; shoulders; back","dumbbell","videos/1284-iK59oEA.gif","95615","images/1284-iK59oEA.jpg","true","© Gym visual — https://gymvisual.com/"
"1328","dumbbell lying rear delt row","back","upper back","shoulders","shoulders; biceps","dumbbell","videos/1328-XUUD0Fs.gif","107836","images/1328-XUUD0Fs.jpg","true","© Gym visual — https://gymvisual.com/"
"0348","dumbbell lying rear lateral raise","shoulders","delts","traps","traps; rhomboids","dumbbell","videos/0348-53Ttlck.gif","104282","images/0348-53Ttlck.jpg","true","© Gym visual — https://gymvisual.com/"
"1735","dumbbell lying single extension","upper arms","triceps","shoulders","shoulders","dumbbell","videos/1735-6MfS53i.gif","97632","images/1735-6MfS53i.jpg","true","© Gym visual — https://gymvisual.com/"
"0349","dumbbell lying supination","lower arms","forearms","biceps","biceps; shoulders","dumbbell","videos/0349-M2Pm3zj.gif","94017","images/0349-M2Pm3zj.jpg","true","© Gym visual — https://gymvisual.com/"
"2706","dumbbell lying supination on floor","lower arms","forearms","biceps","biceps; shoulders","dumbbell","videos/2706-rEhi2o5.gif","70078","images/2706-rEhi2o5.jpg","true","© Gym visual — https://gymvisual.com/"
"1661","dumbbell lying supine biceps curl","upper arms","biceps","forearms","forearms","dumbbell","videos/1661-XVzF3iZ.gif","136747","images/1661-XVzF3iZ.jpg","true","© Gym visual — https://gymvisual.com/"
"0350","dumbbell lying supine curl","upper arms","biceps","forearms","forearms","dumbbell","videos/0350-KUaZst7.gif","127664","images/0350-KUaZst7.jpg","true","© Gym visual — https://gymvisual.com/"
"0351","dumbbell lying triceps extension","upper arms","triceps","shoulders","shoulders","dumbbell","videos/0351-mpKZGWz.gif","124003","images/0351-mpKZGWz.jpg","true","© Gym visual — https://gymvisual.com/"
"1662","dumbbell lying wide curl","upper arms","biceps","forearms","forearms","dumbbell","videos/1662-qm9veZw.gif","121535","images/1662-qm9veZw.jpg","true","© Gym visual — https://gymvisual.com/"
"0352","dumbbell neutral grip bench press","upper arms","triceps","chest","chest; shoulders","dumbbell","videos/0352-pP8wP2P.gif","102036","images/0352-pP8wP2P.jpg","true","© Gym visual — https://gymvisual.com/"
"1285","dumbbell one arm bench fly","chest","pectorals","shoulders","shoulders","dumbbell","videos/1285-o5Jsk92.gif","108945","images/1285-o5Jsk92.jpg","true","© Gym visual — https://gymvisual.com/"
"0292","dumbbell one arm bent-over row","back","upper back","biceps","biceps; forearms","dumbbell","videos/0292-C0MA9bC.gif","95696","images/0292-C0MA9bC.jpg","true","© Gym visual — https://gymvisual.com/"
"1286","dumbbell one arm chest fly on exercise ball","chest","pectorals","shoulders","shoulders; triceps","dumbbell","videos/1286-Bpkf41o.gif","86586","images/1286-Bpkf41o.jpg","true","© Gym visual — https://gymvisual.com/"
"0353","dumbbell one arm concentration curl (on stability ball)","upper arms","biceps","forearms","forearms","dumbbell","videos/0353-k5IpyHg.gif","142644","images/0353-k5IpyHg.jpg","true","© Gym visual — https://gymvisual.com/"
"1287","dumbbell one arm decline chest press","chest","pectorals","triceps","triceps; shoulders","dumbbell","videos/1287-REGM1dE.gif","90188","images/1287-REGM1dE.jpg","true","© Gym visual — https://gymvisual.com/"
"1288","dumbbell one arm fly on exercise ball","chest","pectorals","shoulders","shoulders; triceps","dumbbell","videos/1288-Am02iPd.gif","87713","images/1288-Am02iPd.jpg","true","© Gym visual — https://gymvisual.com/"
"1736","dumbbell one arm french press on exercise ball","upper arms","triceps","shoulders","shoulders","dumbbell","videos/1736-ziFKQXP.gif","117626","images/1736-ziFKQXP.jpg","true","© Gym visual — https://gymvisual.com/"
"1663","dumbbell one arm hammer preacher curl","upper arms","biceps","forearms","forearms","dumbbell","videos/1663-4dF3maG.gif","109234","images/1663-4dF3maG.jpg","true","© Gym visual — https://gymvisual.com/"
"1621","dumbbell one arm hammer press on exercise ball","upper arms","triceps","shoulders","shoulders; chest","dumbbell","videos/1621-VYmYxK5.gif","80202","images/1621-VYmYxK5.jpg","true","© Gym visual — https://gymvisual.com/"
"1289","dumbbell one arm incline chest press","chest","pectorals","shoulders","shoulders; triceps","dumbbell","videos/1289-PDaMuyV.gif","83859","images/1289-PDaMuyV.jpg","true","© Gym visual — https://gymvisual.com/"
"0354","dumbbell one arm kickback","upper arms","triceps","shoulders","shoulders","dumbbell","videos/0354-bQy2Eni.gif","90912","images/0354-bQy2Eni.jpg","true","© Gym visual — https://gymvisual.com/"
"0355","dumbbell one arm lateral raise","shoulders","delts","trapezius","trapezius; triceps","dumbbell","videos/0355-n5cWCsI.gif","77870","images/0355-n5cWCsI.jpg","true","© Gym visual — https://gymvisual.com/"
"0356","dumbbell one arm lateral raise with support","shoulders","delts","trapezius","trapezius; rotator cuff","dumbbell","videos/0356-Yg7MJAT.gif","109362","images/0356-Yg7MJAT.jpg","true","© Gym visual — https://gymvisual.com/"
"1290","dumbbell one arm press on exercise ball","chest","pectorals","shoulders","shoulders; triceps; core","dumbbell","videos/1290-QZFv5ui.gif","87102","images/1290-QZFv5ui.jpg","true","© Gym visual — https://gymvisual.com/"
"1665","dumbbell one arm prone curl","upper arms","biceps","forearms","forearms","dumbbell","videos/1665-JWjujiY.gif","126230","images/1665-JWjujiY.jpg","true","© Gym visual — https://gymvisual.com/"
"1666","dumbbell one arm prone hammer curl","upper arms","biceps","forearms","forearms","dumbbell","videos/1666-LIGZSTA.gif","128250","images/1666-LIGZSTA.jpg","true","© Gym visual — https://gymvisual.com/"
"1291","dumbbell one arm pullover on exercise ball","chest","pectorals","triceps","triceps; latissimus dorsi; rhomboids","dumbbell","videos/1291-bQHPBU3.gif","85516","images/1291-bQHPBU3.jpg","true","© Gym visual — https://gymvisual.com/"
"0358","dumbbell one arm reverse wrist curl","lower arms","forearms","wrist extensors","wrist extensors","dumbbell","videos/0358-BwSNDGt.gif","117199","images/0358-BwSNDGt.jpg","true","© Gym visual — https://gymvisual.com/"
"0359","dumbbell one arm reverse fly (with support)","shoulders","delts","trapezius","trapezius; rhomboids","dumbbell","videos/0359-e25F58f.gif","107692","images/0359-e25F58f.jpg","true","© Gym visual — https://gymvisual.com/"
"1622","dumbbell one arm reverse grip press","chest","pectorals","triceps","triceps; shoulders","dumbbell","videos/1622-Ze7MoIb.gif","103166","images/1622-Ze7MoIb.jpg","true","© Gym visual — https://gymvisual.com/"
"1414","dumbbell one arm reverse preacher curl","upper arms","biceps","forearms","forearms","dumbbell","videos/1414-bWxq4op.gif","92717","images/1414-bWxq4op.jpg","true","© Gym visual — https://gymvisual.com/"
"1667","dumbbell one arm reverse spider curl","upper arms","biceps","forearms","forearms","dumbbell","videos/1667-VdLZ3nB.gif","129259","images/1667-VdLZ3nB.jpg","true","© Gym visual — https://gymvisual.com/"
"1668","dumbbell one arm seated bicep curl on exercise ball","upper arms","biceps","forearms","forearms","dumbbell","videos/1668-s999Hdo.gif","115356","images/1668-s999Hdo.jpg","true","© Gym visual — https://gymvisual.com/"
"1669","dumbbell one arm seated hammer curl","upper arms","biceps","forearms","forearms","dumbbell","videos/1669-jK2hZ6n.gif","112608","images/1669-jK2hZ6n.jpg","true","© Gym visual — https://gymvisual.com/"
"1415","dumbbell one arm seated neutral wrist curl","lower arms","forearms","biceps","biceps; brachialis","dumbbell","videos/1415-YtaCTYl.gif","112589","images/1415-YtaCTYl.jpg","true","© Gym visual — https://gymvisual.com/"
"0361","dumbbell one arm shoulder press","shoulders","delts","triceps","triceps; upper back","dumbbell","videos/0361-84RyJf8.gif","64058","images/0361-84RyJf8.jpg","true","© Gym visual — https://gymvisual.com/"
"0360","dumbbell one arm shoulder press v. 2","shoulders","delts","triceps","triceps; upper back","dumbbell","videos/0360-1TkiAFK.gif","59368","images/0360-1TkiAFK.jpg","true","© Gym visual — https://gymvisual.com/"
"3888","dumbbell one arm snatch","upper legs","glutes","hamstrings","hamstrings; quadriceps; core","dumbbell","videos/3888-6pTkI99.gif","105539","images/3888-6pTkI99.jpg","true","© Gym visual — https://gymvisual.com/"
"1670","dumbbell one arm standing curl","upper arms","biceps","forearms","forearms","dumbbell","videos/1670-ffQsyBj.gif","66546","images/1670-ffQsyBj.jpg","true","© Gym visual — https://gymvisual.com/"
"1671","dumbbell one arm standing hammer curl","upper arms","biceps","forearms","forearms","dumbbell","videos/1671-2sQGZ5b.gif","68077","images/1671-2sQGZ5b.jpg","true","© Gym visual — https://gymvisual.com/"
"0362","dumbbell one arm triceps extension (on bench)","upper arms","triceps","shoulders","shoulders","dumbbell","videos/0362-nAuHPcD.gif","76919","images/0362-nAuHPcD.jpg","true","© Gym visual — https://gymvisual.com/"
"0363","dumbbell one arm upright row","shoulders","delts","traps","traps; biceps","dumbbell","videos/0363-6cKQC5E.gif","69179","images/0363-6cKQC5E.jpg","true","© Gym visual — https://gymvisual.com/"
"0364","dumbbell one arm wrist curl","lower arms","forearms","biceps","biceps; brachialis","dumbbell","videos/0364-q8aHNoF.gif","115967","images/0364-q8aHNoF.jpg","true","© Gym visual — https://gymvisual.com/"
"1672","dumbbell one arm zottman preacher curl","upper arms","biceps","forearms","forearms","dumbbell","videos/1672-sxY5Biu.gif","105464","images/1672-sxY5Biu.jpg","true","© Gym visual — https://gymvisual.com/"
"1292","dumbbell one leg fly on exercise ball","chest","pectorals","shoulders","shoulders; triceps","dumbbell","videos/1292-pH2x2jj.gif","91552","images/1292-pH2x2jj.jpg","true","© Gym visual — https://gymvisual.com/"
"0365","dumbbell over bench neutral wrist curl","upper arms","biceps","forearms","forearms","dumbbell","videos/0365-BKa8dmT.gif","123506","images/0365-BKa8dmT.jpg","true","© Gym visual — https://gymvisual.com/"
"0366","dumbbell over bench one arm neutral wrist curl","upper arms","biceps","forearms","forearms","dumbbell","videos/0366-IvV6C9M.gif","111903","images/0366-IvV6C9M.jpg","true","© Gym visual — https://gymvisual.com/"
"1441","dumbbell over bench one arm reverse wrist curl","lower arms","forearms","biceps","biceps; brachialis","dumbbell","videos/1441-4Jc36XM.gif","128440","images/1441-4Jc36XM.jpg","true","© Gym visual — https://gymvisual.com/"
"0367","dumbbell over bench one arm wrist curl","lower arms","forearms","biceps","biceps; shoulders","dumbbell","videos/0367-KI1DjNN.gif","141752","images/0367-KI1DjNN.jpg","true","© Gym visual — https://gymvisual.com/"
"0368","dumbbell over bench revers wrist curl","lower arms","forearms","biceps","biceps; brachialis","dumbbell","videos/0368-3tAXPQ6.gif","131495","images/0368-3tAXPQ6.jpg","true","© Gym visual — https://gymvisual.com/"
"0369","dumbbell over bench wrist curl","lower arms","forearms","biceps","biceps; brachialis","dumbbell","videos/0369-D1xYJAU.gif","129091","images/0369-D1xYJAU.jpg","true","© Gym visual — https://gymvisual.com/"
"1329","dumbbell palm rotational bent over row","back","upper back","biceps","biceps; forearms","dumbbell","videos/1329-wt6rwjk.gif","104259","images/1329-wt6rwjk.jpg","true","© Gym visual — https://gymvisual.com/"
"1623","dumbbell palms in incline bench press","upper arms","triceps","chest","chest; shoulders","dumbbell","videos/1623-8eqjhOl.gif","85593","images/1623-8eqjhOl.jpg","true","© Gym visual — https://gymvisual.com/"
"0370","dumbbell peacher hammer curl","upper arms","biceps","forearms","forearms","dumbbell","videos/0370-F1KxjBa.gif","102159","images/0370-F1KxjBa.jpg","true","© Gym visual — https://gymvisual.com/"
"0371","dumbbell plyo squat","upper legs","glutes","quadriceps","quadriceps; hamstrings; calves","dumbbell","videos/0371-S4pwGlc.gif","73078","images/0371-S4pwGlc.jpg","true","© Gym visual — https://gymvisual.com/"
"0372","dumbbell preacher curl","upper arms","biceps","forearms","forearms","dumbbell","videos/0372-jivWf8n.gif","105901","images/0372-jivWf8n.jpg","true","© Gym visual — https://gymvisual.com/"
"1673","dumbbell preacher curl over exercise ball","upper arms","biceps","forearms","forearms","dumbbell","videos/1673-hwygydB.gif","121776","images/1673-hwygydB.jpg","true","© Gym visual — https://gymvisual.com/"
"1293","dumbbell press on exercise ball","chest","pectorals","shoulders","shoulders; triceps","dumbbell","videos/1293-O8o7q4d.gif","85501","images/1293-O8o7q4d.jpg","true","© Gym visual — https://gymvisual.com/"
"0373","dumbbell pronate-grip triceps extension","upper arms","triceps","forearms","forearms","dumbbell","videos/0373-bpJL2Qs.gif","99597","images/0373-bpJL2Qs.jpg","true","© Gym visual — https://gymvisual.com/"
"0374","dumbbell prone incline curl","upper arms","biceps","forearms","forearms","dumbbell","videos/0374-mwpPcr1.gif","113130","images/0374-mwpPcr1.jpg","true","© Gym visual — https://gymvisual.com/"
"1674","dumbbell prone incline hammer curl","upper arms","biceps","forearms","forearms","dumbbell","videos/1674-cWemPG8.gif","122939","images/1674-cWemPG8.jpg","true","© Gym visual — https://gymvisual.com/"
"0375","dumbbell pullover","chest","pectorals","latissimus dorsi","latissimus dorsi; triceps","dumbbell","videos/0375-9XjtHvS.gif","112614","images/0375-9XjtHvS.jpg","true","© Gym visual — https://gymvisual.com/"
"1294","dumbbell pullover hip extension on exercise ball","chest","pectorals","triceps","triceps; shoulders; core","dumbbell","videos/1294-lI7easp.gif","97205","images/1294-lI7easp.jpg","true","© Gym visual — https://gymvisual.com/"
"1295","dumbbell pullover on exercise ball","chest","pectorals","triceps","triceps; latissimus dorsi","dumbbell","videos/1295-FSD6PGL.gif","93997","images/1295-FSD6PGL.jpg","true","© Gym visual — https://gymvisual.com/"
"1700","dumbbell push press","shoulders","delts","triceps","triceps; core","dumbbell","videos/1700-FS63wTN.gif","85727","images/1700-FS63wTN.jpg","true","© Gym visual — https://gymvisual.com/"
"0376","dumbbell raise","shoulders","delts","traps","traps; rhomboids","dumbbell","videos/0376-c9MnDRp.gif","76575","images/0376-c9MnDRp.jpg","true","© Gym visual — https://gymvisual.com/"
"2292","dumbbell rear delt raise","shoulders","delts","trapezius","trapezius; rhomboids","dumbbell","videos/2292-mu5Guxt.gif","78449","images/2292-mu5Guxt.jpg","true","© Gym visual — https://gymvisual.com/"
"0377","dumbbell rear delt row_shoulder","shoulders","delts","trapezius","trapezius; rhomboids","dumbbell","videos/0377-EKXOMEh.gif","123917","images/0377-EKXOMEh.jpg","true","© Gym visual — https://gymvisual.com/"
"0378","dumbbell rear fly","shoulders","delts","trapezius","trapezius; rhomboids","dumbbell","videos/0378-8DiFDVA.gif","88850","images/0378-8DiFDVA.jpg","true","© Gym visual — https://gymvisual.com/"
"0380","dumbbell rear lateral raise","shoulders","delts","traps","traps; rhomboids","dumbbell","videos/0380-v1qBec9.gif","105601","images/0380-v1qBec9.jpg","true","© Gym visual — https://gymvisual.com/"
"0379","dumbbell rear lateral raise (support head)","shoulders","delts","traps","traps; rhomboids","dumbbell","videos/0379-UzkLrem.gif","73617","images/0379-UzkLrem.jpg","true","© Gym visual — https://gymvisual.com/"
"0381","dumbbell rear lunge","upper legs","glutes","quadriceps","quadriceps; hamstrings; calves","dumbbell","videos/0381-SSsBDwB.gif","84969","images/0381-SSsBDwB.jpg","true","© Gym visual — https://gymvisual.com/"
"0382","dumbbell revers grip biceps curl","upper arms","biceps","forearms","forearms","dumbbell","videos/0382-e4ojVhP.gif","77444","images/0382-e4ojVhP.jpg","true","© Gym visual — https://gymvisual.com/"
"1624","dumbbell reverse bench press","chest","pectorals","triceps","triceps; shoulders","dumbbell","videos/1624-UIbGx6H.gif","106842","images/1624-UIbGx6H.jpg","true","© Gym visual — https://gymvisual.com/"
"0383","dumbbell reverse fly","shoulders","delts","trapezius","trapezius; rhomboids","dumbbell","videos/0383-EAs3xL9.gif","119235","images/0383-EAs3xL9.jpg","true","© Gym visual — https://gymvisual.com/"
"1330","dumbbell reverse grip incline bench one arm row","back","upper back","biceps","biceps; shoulders","dumbbell","videos/1330-ZIViNh1.gif","100981","images/1330-ZIViNh1.jpg","true","© Gym visual — https://gymvisual.com/"
"1331","dumbbell reverse grip incline bench two arm row","back","upper back","biceps","biceps; forearms","dumbbell","videos/1331-9pQSkH8.gif","107395","images/1331-9pQSkH8.jpg","true","© Gym visual — https://gymvisual.com/"
"2327","dumbbell reverse grip row (female)","back","upper back","biceps","biceps; forearms","dumbbell","videos/2327-Nh3mvOO.gif","93753","images/2327-Nh3mvOO.jpg","true","© Gym visual — https://gymvisual.com/"
"0384","dumbbell reverse preacher curl","upper arms","biceps","forearms","forearms","dumbbell","videos/0384-O8Aq69u.gif","91318","images/0384-O8Aq69u.jpg","true","© Gym visual — https://gymvisual.com/"
"1675","dumbbell reverse spider curl","upper arms","biceps","forearms","forearms","dumbbell","videos/1675-6sMAmNv.gif","113368","images/1675-6sMAmNv.jpg","true","© Gym visual — https://gymvisual.com/"
"0385","dumbbell reverse wrist curl","lower arms","forearms","biceps","biceps; brachialis","dumbbell","videos/0385-BLCvwr2.gif","121963","images/0385-BLCvwr2.jpg","true","© Gym visual — https://gymvisual.com/"
"1459","dumbbell romanian deadlift","upper legs","glutes","hamstrings","hamstrings; lower back","dumbbell","videos/1459-rR0LJzx.gif","75427","images/1459-rR0LJzx.jpg","true","© Gym visual — https://gymvisual.com/"
"0386","dumbbell rotation reverse fly","shoulders","delts","trapezius","trapezius; rhomboids","dumbbell","videos/0386-prbWx1D.gif","115503","images/0386-prbWx1D.jpg","true","© Gym visual — https://gymvisual.com/"
"2397","dumbbell scott press","shoulders","delts","triceps","triceps; chest","dumbbell","videos/2397-5vfAI0I.gif","53722","images/2397-5vfAI0I.jpg","true","© Gym visual — https://gymvisual.com/"
"0387","dumbbell seated alternate front raise","shoulders","delts","trapezius","trapezius; biceps","dumbbell","videos/0387-gH5fRsC.gif","111711","images/0387-gH5fRsC.jpg","true","© Gym visual — https://gymvisual.com/"
"1676","dumbbell seated alternate hammer curl on exercise ball","upper arms","biceps","forearms","forearms","dumbbell","videos/1676-QLRmNeT.gif","120310","images/1676-QLRmNeT.jpg","true","© Gym visual — https://gymvisual.com/"
"0388","dumbbell seated alternate press","shoulders","delts","triceps","triceps; chest","dumbbell","videos/0388-QT5Q0nK.gif","80089","images/0388-QT5Q0nK.jpg","true","© Gym visual — https://gymvisual.com/"
"3546","dumbbell seated alternate shoulder","shoulders","delts","triceps","triceps; upper back","dumbbell","videos/3546-q7qkONO.gif","145571","images/3546-q7qkONO.jpg","true","© Gym visual — https://gymvisual.com/"
"0389","dumbbell seated bench extension","upper arms","triceps","shoulders","shoulders","dumbbell","videos/0389-JhYSVwT.gif","79882","images/0389-JhYSVwT.jpg","true","© Gym visual — https://gymvisual.com/"
"2317","dumbbell seated bent arm lateral raise","shoulders","delts","trapezius","trapezius; rhomboids","dumbbell","videos/2317-JzQbv7J.gif","115983","images/2317-JzQbv7J.jpg","true","© Gym visual — https://gymvisual.com/"
"1730","dumbbell seated bent over alternate kickback","upper arms","triceps","shoulders","shoulders; back","dumbbell","videos/1730-x0lwvfq.gif","107676","images/1730-x0lwvfq.jpg","true","© Gym visual — https://gymvisual.com/"
"1737","dumbbell seated bent over triceps extension","upper arms","triceps","shoulders","shoulders; back","dumbbell","videos/1737-4ievMJ9.gif","102775","images/1737-4ievMJ9.jpg","true","© Gym visual — https://gymvisual.com/"
"1677","dumbbell seated bicep curl","upper arms","biceps","forearms","forearms","dumbbell","videos/1677-xiA6lRr.gif","121825","images/1677-xiA6lRr.jpg","true","© Gym visual — https://gymvisual.com/"
"0390","dumbbell seated biceps curl (on stability ball)","upper arms","biceps","forearms","forearms","dumbbell","videos/0390-WgJnBH5.gif","99006","images/0390-WgJnBH5.jpg","true","© Gym visual — https://gymvisual.com/"
"3547","dumbbell seated biceps curl to shoulder press","upper arms","biceps","shoulders","shoulders","dumbbell","videos/3547-OeL23VY.gif","111099","images/3547-OeL23VY.jpg","true","© Gym visual — https://gymvisual.com/"
"1379","dumbbell seated calf raise","lower legs","calves","hamstrings","hamstrings","dumbbell","videos/1379-r29jP7S.gif","116155","images/1379-r29jP7S.jpg","true","© Gym visual — https://gymvisual.com/"
"0391","dumbbell seated curl","upper arms","biceps","forearms","forearms","dumbbell","videos/0391-TiaZTxx.gif","109385","images/0391-TiaZTxx.jpg","true","© Gym visual — https://gymvisual.com/"
"0392","dumbbell seated front raise","shoulders","delts","trapezius","trapezius; biceps","dumbbell","videos/0392-Ys97II0.gif","107484","images/0392-Ys97II0.jpg","true","© Gym visual — https://gymvisual.com/"
"1678","dumbbell seated hammer curl","upper arms","biceps","forearms","forearms","dumbbell","videos/1678-IGtBdNT.gif","115791","images/1678-IGtBdNT.jpg","true","© Gym visual — https://gymvisual.com/"
"0393","dumbbell seated inner biceps curl","upper arms","biceps","forearms","forearms","dumbbell","videos/0393-KXyoEtA.gif","126147","images/0393-KXyoEtA.jpg","true","© Gym visual — https://gymvisual.com/"
"0394","dumbbell seated kickback","upper arms","triceps","shoulders","shoulders","dumbbell","videos/0394-en550rk.gif","146908","images/0394-en550rk.jpg","true","© Gym visual — https://gymvisual.com/"
"0396","dumbbell seated lateral raise","shoulders","delts","traps","traps; upper back","dumbbell","videos/0396-hxyTtWj.gif","125717","images/0396-hxyTtWj.jpg","true","© Gym visual — https://gymvisual.com/"
"0395","dumbbell seated lateral raise v. 2","shoulders","delts","traps","traps; triceps","dumbbell","videos/0395-hrrS0Ed.gif","119796","images/0395-hrrS0Ed.jpg","true","© Gym visual — https://gymvisual.com/"
"0397","dumbbell seated neutral wrist curl","upper arms","biceps","forearms","forearms","dumbbell","videos/0397-uJmK7Z1.gif","111392","images/0397-uJmK7Z1.jpg","true","© Gym visual — https://gymvisual.com/"
"1679","dumbbell seated one arm bicep curl on exercise ball with leg raised","upper arms","biceps","forearms","forearms; shoulders","dumbbell","videos/1679-84sESNy.gif","120796","images/1679-84sESNy.jpg","true","© Gym visual — https://gymvisual.com/"
"0398","dumbbell seated one arm kickback","upper arms","triceps","shoulders","shoulders","dumbbell","videos/0398-VQ3sNCn.gif","142323","images/0398-VQ3sNCn.jpg","true","© Gym visual — https://gymvisual.com/"
"0399","dumbbell seated one arm rotate","lower arms","forearms","shoulders","shoulders; biceps","dumbbell","videos/0399-7f2jsqP.gif","109161","images/0399-7f2jsqP.jpg","true","© Gym visual — https://gymvisual.com/"
"0400","dumbbell seated one leg calf raise","lower legs","calves","hamstrings","hamstrings; glutes","dumbbell","videos/0400-Ia7tumC.gif","98973","images/0400-Ia7tumC.jpg","true","© Gym visual — https://gymvisual.com/"
"1380","dumbbell seated one leg calf raise - hammer grip","lower legs","calves","hamstrings","hamstrings; glutes","dumbbell","videos/1380-FxhcxUW.gif","107547","images/1380-FxhcxUW.jpg","true","© Gym visual — https://gymvisual.com/"
"1381","dumbbell seated one leg calf raise - palm up","lower legs","calves","hamstrings","hamstrings; glutes","dumbbell","videos/1381-VW88JNd.gif","125452","images/1381-VW88JNd.jpg","true","© Gym visual — https://gymvisual.com/"
"0401","dumbbell seated palms up wrist curl","lower arms","forearms","biceps","biceps; shoulders","dumbbell","videos/0401-2dImyQ8.gif","112244","images/0401-2dImyQ8.jpg","true","© Gym visual — https://gymvisual.com/"
"0402","dumbbell seated preacher curl","upper arms","biceps","forearms","forearms","dumbbell","videos/0402-7D5bgLT.gif","102707","images/0402-7D5bgLT.jpg","true","© Gym visual — https://gymvisual.com/"
"0403","dumbbell seated revers grip concentration curl","upper arms","biceps","forearms","forearms","dumbbell","videos/0403-lyKCLmK.gif","108992","images/0403-lyKCLmK.jpg","true","© Gym visual — https://gymvisual.com/"
"1738","dumbbell seated reverse grip one arm overhead tricep extension","upper arms","triceps","shoulders","shoulders","dumbbell","videos/1738-5fKX7wi.gif","82183","images/1738-5fKX7wi.jpg","true","© Gym visual — https://gymvisual.com/"
"0405","dumbbell seated shoulder press","shoulders","delts","triceps","triceps; upper back","dumbbell","videos/0405-znQUdHY.gif","87613","images/0405-znQUdHY.jpg","true","© Gym visual — https://gymvisual.com/"
"0404","dumbbell seated shoulder press (parallel grip)","shoulders","delts","triceps","triceps; upper back","dumbbell","videos/0404-f1jf47L.gif","73724","images/0404-f1jf47L.jpg","true","© Gym visual — https://gymvisual.com/"
"2188","dumbbell seated triceps extension","upper arms","triceps","shoulders","shoulders","dumbbell","videos/2188-kont8Ut.gif","74300","images/2188-kont8Ut.jpg","true","© Gym visual — https://gymvisual.com/"
"0406","dumbbell shrug","back","traps","shoulders","shoulders","dumbbell","videos/0406-NJzBsGJ.gif","77551","images/0406-NJzBsGJ.jpg","true","© Gym visual — https://gymvisual.com/"
"0407","dumbbell side bend","waist","abs","obliques","obliques","dumbbell","videos/0407-IpONWYv.gif","85930","images/0407-IpONWYv.jpg","true","© Gym visual — https://gymvisual.com/"
"0408","dumbbell side lying one hand raise","shoulders","delts","trapezius","trapezius; rhomboids","dumbbell","videos/0408-fTlkJop.gif","89439","images/0408-fTlkJop.jpg","true","© Gym visual — https://gymvisual.com/"
"3664","dumbbell side plank with rear fly","back","upper back","shoulders","shoulders; core","dumbbell","videos/3664-X6ytgYZ.gif","88146","images/3664-X6ytgYZ.jpg","true","© Gym visual — https://gymvisual.com/"
"3548","dumbbell single arm overhead carry","shoulders","delts","traps","traps; core","dumbbell","videos/3548-mWBtgmb.gif","76099","images/3548-mWBtgmb.jpg","true","© Gym visual — https://gymvisual.com/"
"0409","dumbbell single leg calf raise","lower legs","calves","ankles","ankles","dumbbell","videos/0409-1kB3Wmk.gif","78252","images/0409-1kB3Wmk.jpg","true","© Gym visual — https://gymvisual.com/"
"1757","dumbbell single leg deadlift","upper legs","glutes","hamstrings","hamstrings; lower back","dumbbell","videos/1757-gKozT8X.gif","94080","images/1757-gKozT8X.jpg","true","© Gym visual — https://gymvisual.com/"
"2805","dumbbell single leg deadlift with stepbox support","upper legs","glutes","hamstrings","hamstrings; lower back","dumbbell","videos/2805-daBmy1Y.gif","83016","images/2805-daBmy1Y.jpg","true","© Gym visual — https://gymvisual.com/"
"0410","dumbbell single leg split squat","upper legs","quads","glutes","glutes; hamstrings; calves","dumbbell","videos/0410-qx4fgX7.gif","99446","images/0410-qx4fgX7.jpg","true","© Gym visual — https://gymvisual.com/"
"0411","dumbbell single leg squat","upper legs","glutes","quadriceps","quadriceps; hamstrings; calves","dumbbell","videos/0411-H6ybluc.gif","96765","images/0411-H6ybluc.jpg","true","© Gym visual — https://gymvisual.com/"
"0413","dumbbell squat","upper legs","glutes","quadriceps","quadriceps; hamstrings; calves","dumbbell","videos/0413-HsvHqgf.gif","67584","images/0413-HsvHqgf.jpg","true","© Gym visual — https://gymvisual.com/"
"3560","dumbbell standing alternate hammer curl and press","upper arms","biceps","forearms","forearms; shoulders","dumbbell","videos/3560-LeaZOIz.gif","72042","images/3560-LeaZOIz.jpg","true","© Gym visual — https://gymvisual.com/"
"0414","dumbbell standing alternate overhead press","shoulders","delts","triceps","triceps; core","dumbbell","videos/0414-bBi35y3.gif","106280","images/0414-bBi35y3.jpg","true","© Gym visual — https://gymvisual.com/"
"0415","dumbbell standing alternate raise","shoulders","delts","traps","traps; forearms","dumbbell","videos/0415-SxHteRW.gif","82136","images/0415-SxHteRW.jpg","true","© Gym visual — https://gymvisual.com/"
"1739","dumbbell standing alternating tricep kickback","upper arms","triceps","shoulders","shoulders","dumbbell","videos/1739-Gi2BXfK.gif","112918","images/1739-Gi2BXfK.jpg","true","© Gym visual — https://gymvisual.com/"
"2143","dumbbell standing around world","shoulders","delts","triceps","triceps; forearms","dumbbell","videos/2143-RSOsp5d.gif","85165","images/2143-RSOsp5d.jpg","true","© Gym visual — https://gymvisual.com/"
"1740","dumbbell standing bent over one arm triceps extension","upper arms","triceps","shoulders","shoulders; back","dumbbell","videos/1740-CJwa0vD.gif","119983","images/1740-CJwa0vD.jpg","true","© Gym visual — https://gymvisual.com/"
"1741","dumbbell standing bent over two arm triceps extension","upper arms","triceps","shoulders","shoulders; back","dumbbell","videos/1741-3T12T87.gif","107632","images/1741-3T12T87.jpg","true","© Gym visual — https://gymvisual.com/"
"0416","dumbbell standing biceps curl","upper arms","biceps","forearms","forearms","dumbbell","videos/0416-3s4NnTh.gif","84470","images/0416-3s4NnTh.jpg","true","© Gym visual — https://gymvisual.com/"
"0417","dumbbell standing calf raise","lower legs","calves","ankles","ankles","dumbbell","videos/0417-dPmaUaU.gif","71959","images/0417-dPmaUaU.jpg","true","© Gym visual — https://gymvisual.com/"
"0418","dumbbell standing concentration curl","upper arms","biceps","forearms","forearms","dumbbell","videos/0418-7inpWch.gif","151124","images/0418-7inpWch.jpg","true","© Gym visual — https://gymvisual.com/"
"0419","dumbbell standing front raise above head","shoulders","delts","trapezius","trapezius; biceps","dumbbell","videos/0419-laVRfDf.gif","63028","images/0419-laVRfDf.jpg","true","© Gym visual — https://gymvisual.com/"
"2321","dumbbell standing inner biceps curl v. 2","upper arms","biceps","forearms","forearms","dumbbell","videos/2321-vKilzz3.gif","86704","images/2321-vKilzz3.jpg","true","© Gym visual — https://gymvisual.com/"
"0420","dumbbell standing kickback","upper arms","triceps","shoulders","shoulders","dumbbell","videos/0420-UmpPAAe.gif","112178","images/0420-UmpPAAe.jpg","true","© Gym visual — https://gymvisual.com/"
"0421","dumbbell standing one arm concentration curl","upper arms","biceps","forearms","forearms","dumbbell","videos/0421-8fgqP5a.gif","135971","images/0421-8fgqP5a.jpg","true","© Gym visual — https://gymvisual.com/"
"0422","dumbbell standing one arm curl (over incline bench)","upper arms","biceps","forearms","forearms","dumbbell","videos/0422-BIb1tGo.gif","77708","images/0422-BIb1tGo.jpg","true","© Gym visual — https://gymvisual.com/"
"1680","dumbbell standing one arm curl over incline bench","upper arms","biceps","forearms","forearms","dumbbell","videos/1680-EmlJR2y.gif","103953","images/1680-EmlJR2y.jpg","true","© Gym visual — https://gymvisual.com/"
"0423","dumbbell standing one arm extension","upper arms","triceps","shoulders","shoulders","dumbbell","videos/0423-BCUR88E.gif","58472","images/0423-BCUR88E.jpg","true","© Gym visual — https://gymvisual.com/"
"0424","dumbbell standing one arm palm in press","shoulders","delts","triceps","triceps; core","dumbbell","videos/0424-ocYc6Db.gif","69090","images/0424-ocYc6Db.jpg","true","© Gym visual — https://gymvisual.com/"
"0425","dumbbell standing one arm reverse curl","upper arms","biceps","forearms","forearms","dumbbell","videos/0425-DU5Kkj2.gif","65327","images/0425-DU5Kkj2.jpg","true","© Gym visual — https://gymvisual.com/"
"0426","dumbbell standing overhead press","shoulders","delts","triceps","triceps; upper back","dumbbell","videos/0426-A6wtbuL.gif","61262","images/0426-A6wtbuL.jpg","true","© Gym visual — https://gymvisual.com/"
"0427","dumbbell standing palms in press","shoulders","delts","triceps","triceps; chest","dumbbell","videos/0427-UilDHSs.gif","61189","images/0427-UilDHSs.jpg","true","© Gym visual — https://gymvisual.com/"
"0428","dumbbell standing preacher curl","upper arms","biceps","forearms","forearms","dumbbell","videos/0428-hq2hyDH.gif","98343","images/0428-hq2hyDH.jpg","true","© Gym visual — https://gymvisual.com/"
"0429","dumbbell standing reverse curl","upper arms","biceps","forearms","forearms","dumbbell","videos/0429-0IgNjSM.gif","72567","images/0429-0IgNjSM.jpg","true","© Gym visual — https://gymvisual.com/"
"0430","dumbbell standing triceps extension","upper arms","triceps","shoulders","shoulders","dumbbell","videos/0430-PdmaD0N.gif","58491","images/0430-PdmaD0N.jpg","true","© Gym visual — https://gymvisual.com/"
"2293","dumbbell standing zottman preacher curl","upper arms","biceps","forearms","forearms","dumbbell","videos/2293-P2nRiUa.gif","157390","images/2293-P2nRiUa.jpg","true","© Gym visual — https://gymvisual.com/"
"1684","dumbbell step up single leg balance with bicep curl","upper arms","biceps","quadriceps","quadriceps; glutes; hamstrings","dumbbell","videos/1684-76vfTdU.gif","67444","images/1684-76vfTdU.jpg","true","© Gym visual — https://gymvisual.com/"
"0431","dumbbell step-up","upper legs","glutes","quadriceps","quadriceps; hamstrings; calves","dumbbell","videos/0431-aXtJhlg.gif","53966","images/0431-aXtJhlg.jpg","true","© Gym visual — https://gymvisual.com/"
"2796","dumbbell step-up lunge","upper legs","quads","glutes","glutes; hamstrings; calves","dumbbell","videos/2796-gFyFj9z.gif","83449","images/2796-gFyFj9z.jpg","true","© Gym visual — https://gymvisual.com/"
"2812","dumbbell step-up split squat","upper legs","quads","glutes","glutes; hamstrings; calves","dumbbell","videos/2812-QjE2DcA.gif","142381","images/2812-QjE2DcA.jpg","true","© Gym visual — https://gymvisual.com/"
"0432","dumbbell stiff leg deadlift","upper legs","glutes","hamstrings","hamstrings; lower back","dumbbell","videos/0432-5eLRITT.gif","84099","images/0432-5eLRITT.jpg","true","© Gym visual — https://gymvisual.com/"
"0433","dumbbell straight arm pullover","chest","pectorals","latissimus dorsi","latissimus dorsi; triceps","dumbbell","videos/0433-i8BdLTK.gif","88748","images/0433-i8BdLTK.jpg","true","© Gym visual — https://gymvisual.com/"
"0434","dumbbell straight leg deadlift","upper legs","glutes","hamstrings","hamstrings; lower back","dumbbell","videos/0434-oom75KC.gif","88221","images/0434-oom75KC.jpg","true","© Gym visual — https://gymvisual.com/"
"2808","dumbbell sumo pull through","upper legs","glutes","hamstrings","hamstrings; quadriceps; core","dumbbell","videos/2808-BmrwWzo.gif","72177","images/2808-BmrwWzo.jpg","true","© Gym visual — https://gymvisual.com/"
"2803","dumbbell supported squat","upper legs","quads","glutes","glutes; hamstrings; calves","dumbbell","videos/2803-r5DgrW9.gif","76851","images/2803-r5DgrW9.jpg","true","© Gym visual — https://gymvisual.com/"
"0436","dumbbell tate press","upper arms","triceps","shoulders","shoulders","dumbbell","videos/0436-s5PdDyY.gif","109070","images/0436-s5PdDyY.jpg","true","© Gym visual — https://gymvisual.com/"
"1742","dumbbell tricep kickback with stork stance","upper arms","triceps","shoulders","shoulders","dumbbell","videos/1742-wOLmCXc.gif","82757","images/1742-wOLmCXc.jpg","true","© Gym visual — https://gymvisual.com/"
"1743","dumbbell twisting bench press","upper arms","triceps","chest","chest; shoulders","dumbbell","videos/1743-z6TAHoT.gif","96130","images/1743-z6TAHoT.jpg","true","© Gym visual — https://gymvisual.com/"
"0437","dumbbell upright row","shoulders","delts","traps","traps; biceps","dumbbell","videos/0437-ainizkb.gif","75773","images/0437-ainizkb.jpg","true","© Gym visual — https://gymvisual.com/"
"1765","dumbbell upright row (back pov)","shoulders","delts","traps","traps; biceps","dumbbell","videos/1765-Iptlv6x.gif","75367","images/1765-Iptlv6x.jpg","true","© Gym visual — https://gymvisual.com/"
"0864","dumbbell upright shoulder external rotation","shoulders","delts","rotator cuff","rotator cuff; trapezius","dumbbell","videos/0864-x306lCW.gif","82144","images/0864-x306lCW.jpg","true","© Gym visual — https://gymvisual.com/"
"5201","dumbbell waiter biceps curl","upper arms","biceps","forearms","forearms; shoulders","dumbbell","videos/5201-KOpzGBL.gif","65483","images/5201-KOpzGBL.jpg","true","© Gym visual — https://gymvisual.com/"
"0438","dumbbell w-press","shoulders","delts","triceps","triceps; chest","dumbbell","videos/0438-vmwLyCg.gif","65309","images/0438-vmwLyCg.jpg","true","© Gym visual — https://gymvisual.com/"
"0439","dumbbell zottman curl","upper arms","biceps","forearms","forearms","dumbbell","videos/0439-kXaIn5A.gif","128373","images/0439-kXaIn5A.jpg","true","© Gym visual — https://gymvisual.com/"
"2294","dumbbell zottman preacher curl","upper arms","biceps","forearms","forearms","dumbbell","videos/2294-y5U5B9Y.gif","180323","images/2294-y5U5B9Y.jpg","true","© Gym visual — https://gymvisual.com/"
"2189","dumbbells seated triceps extension","upper arms","triceps","shoulders","shoulders","dumbbell","videos/2189-FQXdXzY.gif","87835","images/2189-FQXdXzY.jpg","true","© Gym visual — https://gymvisual.com/"
"1167","dynamic chest stretch (male)","chest","pectorals","shoulders","shoulders; triceps","body weight","videos/1167-3uj0Ozg.gif","69828","images/1167-3uj0Ozg.jpg","true","© Gym visual — https://gymvisual.com/"
"3287","elbow dips","upper arms","triceps","chest","chest; shoulders","body weight","videos/3287-LkoAWAE.gif","110830","images/3287-LkoAWAE.jpg","true","© Gym visual — https://gymvisual.com/"
"1772","elbow lift - reverse push-up","back","upper back","triceps","triceps; shoulders","body weight","videos/1772-wbUYILZ.gif","90337","images/1772-wbUYILZ.jpg","true","© Gym visual — https://gymvisual.com/"
"0443","elbow-to-knee","waist","abs","obliques","obliques","body weight","videos/0443-jvp6DiD.gif","69390","images/0443-jvp6DiD.jpg","true","© Gym visual — https://gymvisual.com/"
"3292","elevator","back","upper back","shoulders","shoulders; trapezius","body weight","videos/3292-zYmNaoY.gif","75437","images/3292-zYmNaoY.jpg","true","© Gym visual — https://gymvisual.com/"
"1332","exercise ball alternating arm ups","back","lats","shoulders","shoulders; core","stability ball","videos/1332-EyLrNC2.gif","77386","images/1332-EyLrNC2.jpg","true","© Gym visual — https://gymvisual.com/"
"1333","exercise ball back extension with arms extended","back","spine","glutes","glutes; hamstrings","stability ball","videos/1333-PERjVm8.gif","94849","images/1333-PERjVm8.jpg","true","© Gym visual — https://gymvisual.com/"
"1334","exercise ball back extension with hands behind head","back","spine","glutes","glutes; hamstrings","stability ball","videos/1334-o1HGDSq.gif","83496","images/1334-o1HGDSq.jpg","true","© Gym visual — https://gymvisual.com/"
"1335","exercise ball back extension with knees off ground","back","spine","glutes","glutes; hamstrings","stability ball","videos/1335-WME869U.gif","84739","images/1335-WME869U.jpg","true","© Gym visual — https://gymvisual.com/"
"1336","exercise ball back extension with rotation","back","spine","glutes","glutes; hamstrings","stability ball","videos/1336-WVD66ff.gif","85436","images/1336-WVD66ff.jpg","true","© Gym visual — https://gymvisual.com/"
"1744","exercise ball dip","upper arms","triceps","chest","chest; shoulders","stability ball","videos/1744-kprile3.gif","97118","images/1744-kprile3.jpg","true","© Gym visual — https://gymvisual.com/"
"1559","exercise ball hip flexor stretch","upper legs","glutes","quadriceps","quadriceps; hamstrings","stability ball","videos/1559-2LQkNPW.gif","123653","images/1559-2LQkNPW.jpg","true","© Gym visual — https://gymvisual.com/"
"1338","exercise ball hug","back","spine","shoulders","shoulders; chest","stability ball","videos/1338-d7z1Y7V.gif","158875","images/1338-d7z1Y7V.jpg","true","© Gym visual — https://gymvisual.com/"
"1339","exercise ball lat stretch","back","lats","shoulders","shoulders; triceps","stability ball","videos/1339-sM84pE4.gif","102923","images/1339-sM84pE4.jpg","true","© Gym visual — https://gymvisual.com/"
"1341","exercise ball lower back stretch (pyramid)","back","lats","glutes","glutes; hamstrings","stability ball","videos/1341-yU7w7CA.gif","73922","images/1341-yU7w7CA.jpg","true","© Gym visual — https://gymvisual.com/"
"1342","exercise ball lying side lat stretch","back","lats","shoulders","shoulders; triceps","stability ball","videos/1342-rTbyBYV.gif","72737","images/1342-rTbyBYV.jpg","true","© Gym visual — https://gymvisual.com/"
"1382","exercise ball on the wall calf raise","lower legs","calves","hamstrings","hamstrings; quadriceps","dumbbell","videos/1382-xo6sENf.gif","81773","images/1382-xo6sENf.jpg","true","© Gym visual — https://gymvisual.com/"
"3241","exercise ball on the wall calf raise (tennis ball between ankles)","lower legs","calves","hamstrings","hamstrings; quadriceps","dumbbell","videos/3241-FY3UdNT.gif","79507","images/3241-FY3UdNT.jpg","true","© Gym visual — https://gymvisual.com/"
"3240","exercise ball on the wall calf raise (tennis ball between knees)","lower legs","calves","quadriceps","quadriceps; hamstrings","dumbbell","videos/3240-j74M6Zn.gif","84135","images/3240-j74M6Zn.jpg","true","© Gym visual — https://gymvisual.com/"
"1416","exercise ball one leg prone lower body rotation","upper legs","glutes","hamstrings","hamstrings; quadriceps; core","stability ball","videos/1416-M72BExt.gif","90416","images/1416-M72BExt.jpg","true","© Gym visual — https://gymvisual.com/"
"1417","exercise ball one legged diagonal kick hamstring curl","upper legs","glutes","hamstrings","hamstrings; calves","stability ball","videos/1417-GOJKFfO.gif","97746","images/1417-GOJKFfO.jpg","true","© Gym visual — https://gymvisual.com/"
"1296","exercise ball pike push up","chest","pectorals","shoulders","shoulders; triceps; core","stability ball","videos/1296-sVvXT5J.gif","112096","images/1296-sVvXT5J.jpg","true","© Gym visual — https://gymvisual.com/"
"1343","exercise ball prone leg raise","back","spine","abdominals","abdominals; glutes","stability ball","videos/1343-lCKm4Rs.gif","86709","images/1343-lCKm4Rs.jpg","true","© Gym visual — https://gymvisual.com/"
"1560","exercise ball seated hamstring stretch","upper legs","hamstrings","glutes","glutes; lower back","stability ball","videos/1560-yRYyfdA.gif","119844","images/1560-yRYyfdA.jpg","true","© Gym visual — https://gymvisual.com/"
"1745","exercise ball seated triceps stretch","upper arms","triceps","shoulders","shoulders","stability ball","videos/1745-7ePTw4B.gif","111758","images/1745-7ePTw4B.jpg","true","© Gym visual — https://gymvisual.com/"
"1746","exercise ball supine triceps extension","upper arms","triceps","shoulders","shoulders","dumbbell","videos/1746-Gm2Uv1z.gif","113675","images/1746-Gm2Uv1z.jpg","true","© Gym visual — https://gymvisual.com/"
"1747","ez bar french press on exercise ball","upper arms","triceps","shoulders","shoulders","ez barbell","videos/1747-CFN9P8G.gif","83747","images/1747-CFN9P8G.jpg","true","© Gym visual — https://gymvisual.com/"
"3010","ez bar lying bent arms pullover","back","lats","triceps","triceps; chest","ez barbell","videos/3010-nDK1HJ0.gif","70822","images/3010-nDK1HJ0.jpg","true","© Gym visual — https://gymvisual.com/"
"1748","ez bar lying close grip triceps extension behind head","upper arms","triceps","shoulders","shoulders","ez barbell","videos/1748-6CKUx7o.gif","102203","images/1748-6CKUx7o.jpg","true","© Gym visual — https://gymvisual.com/"
"1344","ez bar reverse grip bent over row","back","upper back","biceps","biceps; forearms","ez barbell","videos/1344-G8dXpNG.gif","90179","images/1344-G8dXpNG.jpg","true","© Gym visual — https://gymvisual.com/"
"1682","ez bar seated close grip concentration curl","upper arms","biceps","forearms","forearms","ez barbell","videos/1682-Dsfz0Id.gif","109551","images/1682-Dsfz0Id.jpg","true","© Gym visual — https://gymvisual.com/"
"1749","ez bar standing french press","upper arms","triceps","shoulders","shoulders","ez barbell","videos/1749-1cTf2Ux.gif","60625","images/1749-1cTf2Ux.jpg","true","© Gym visual — https://gymvisual.com/"
"0445","ez barbell anti gravity press","shoulders","delts","triceps","triceps; chest","ez barbell","videos/0445-fprd84i.gif","89683","images/0445-fprd84i.jpg","true","© Gym visual — https://gymvisual.com/"
"1627","ez barbell close grip preacher curl","upper arms","biceps","forearms","forearms","ez barbell","videos/1627-hacCyUv.gif","123939","images/1627-hacCyUv.jpg","true","© Gym visual — https://gymvisual.com/"
"0446","ez barbell close-grip curl","upper arms","biceps","forearms","forearms","ez barbell","videos/0446-V4ryaZa.gif","86341","images/0446-V4ryaZa.jpg","true","© Gym visual — https://gymvisual.com/"
"0447","ez barbell curl","upper arms","biceps","forearms","forearms","ez barbell","videos/0447-6TG6x2w.gif","75526","images/0447-6TG6x2w.jpg","true","© Gym visual — https://gymvisual.com/"
"0448","ez barbell decline close grip face press","upper arms","triceps","chest","chest; shoulders","ez barbell","videos/0448-DgZQ11d.gif","116875","images/0448-DgZQ11d.jpg","true","© Gym visual — https://gymvisual.com/"
"2186","ez barbell decline triceps extension","upper arms","triceps","shoulders","shoulders","ez barbell","videos/2186-CQHoDm0.gif","127750","images/2186-CQHoDm0.jpg","true","© Gym visual — https://gymvisual.com/"
"0449","ez barbell incline triceps extension","upper arms","triceps","shoulders","shoulders","ez barbell","videos/0449-KyLtiLT.gif","90493","images/0449-KyLtiLT.jpg","true","© Gym visual — https://gymvisual.com/"
"0450","ez barbell jm bench press","upper arms","triceps","chest","chest; shoulders","ez barbell","videos/0450-hnOYgH3.gif","130998","images/0450-hnOYgH3.jpg","true","© Gym visual — https://gymvisual.com/"
"0451","ez barbell reverse grip curl","upper arms","biceps","forearms","forearms","ez barbell","videos/0451-Y5X65IB.gif","87388","images/0451-Y5X65IB.jpg","true","© Gym visual — https://gymvisual.com/"
"0452","ez barbell reverse grip preacher curl","upper arms","biceps","forearms","forearms","ez barbell","videos/0452-vBNyir7.gif","100850","images/0452-vBNyir7.jpg","true","© Gym visual — https://gymvisual.com/"
"1458","ez barbell seated curls","upper arms","biceps","forearms","forearms","ez barbell","videos/1458-jtFKbt5.gif","118064","images/1458-jtFKbt5.jpg","true","© Gym visual — https://gymvisual.com/"
"0453","ez barbell seated triceps extension","upper arms","triceps","shoulders","shoulders","ez barbell","videos/0453-iaapw0g.gif","88057","images/0453-iaapw0g.jpg","true","© Gym visual — https://gymvisual.com/"
"0454","ez barbell spider curl","upper arms","biceps","forearms","forearms","ez barbell","videos/0454-Ye5Qxb0.gif","117386","images/0454-Ye5Qxb0.jpg","true","© Gym visual — https://gymvisual.com/"
"1628","ez barbell spider curl","upper arms","biceps","forearms","forearms","ez barbell","videos/1628-2kattbR.gif","97603","images/1628-2kattbR.jpg","true","© Gym visual — https://gymvisual.com/"
"2404","ez-bar biceps curl (with arm blaster)","upper arms","biceps","forearms","forearms","ez barbell","videos/2404-tJ5nYqo.gif","96163","images/2404-tJ5nYqo.jpg","true","© Gym visual — https://gymvisual.com/"
"2432","ez-bar close-grip bench press","upper arms","triceps","chest","chest; shoulders","ez barbell","videos/2432-da4cXST.gif","108082","images/2432-da4cXST.jpg","true","© Gym visual — https://gymvisual.com/"
"2741","ez-barbell standing wide grip biceps curl","upper arms","biceps","forearms","forearms","ez barbell","videos/2741-OVTZ65k.gif","90541","images/2741-OVTZ65k.jpg","true","© Gym visual — https://gymvisual.com/"
"2133","farmers walk","upper legs","quads","calves","calves; forearms; core","dumbbell","videos/2133-qPEzJjA.gif","136068","images/2133-qPEzJjA.jpg","true","© Gym visual — https://gymvisual.com/"
"0455","finger curls","lower arms","forearms","wrist flexors","wrist flexors; grip muscles","barbell","videos/0455-awG04cF.gif","109019","images/0455-awG04cF.jpg","true","© Gym visual — https://gymvisual.com/"
"3303","flag","waist","abs","obliques","obliques; shoulders","body weight","videos/3303-pQ0Mx1Z.gif","64771","images/3303-pQ0Mx1Z.jpg","true","© Gym visual — https://gymvisual.com/"
"0456","flexion leg sit up (bent knee)","waist","abs","hip flexors","hip flexors","body weight","videos/0456-AR0ig3o.gif","61539","images/0456-AR0ig3o.jpg","true","© Gym visual — https://gymvisual.com/"
"0457","flexion leg sit up (straight arm)","waist","abs","hip flexors","hip flexors; quadriceps","body weight","videos/0457-KZn52RC.gif","59520","images/0457-KZn52RC.jpg","true","© Gym visual — https://gymvisual.com/"
"0458","floor fly (with barbell)","chest","pectorals","deltoids","deltoids; triceps","barbell","videos/0458-neonEDL.gif","93211","images/0458-neonEDL.jpg","true","© Gym visual — https://gymvisual.com/"
"0459","flutter kicks","upper legs","glutes","hip flexors","hip flexors; lower abs","body weight","videos/0459-UVo2Qs2.gif","78040","images/0459-UVo2Qs2.jpg","true","© Gym visual — https://gymvisual.com/"
"1472","forward jump","upper legs","quads","calves","calves; hamstrings; glutes","body weight","videos/1472-uZKq7lo.gif","88014","images/1472-uZKq7lo.jpg","true","© Gym visual — https://gymvisual.com/"
"3470","forward lunge (male)","upper legs","glutes","quadriceps","quadriceps; hamstrings; calves","body weight","videos/3470-kMzUs9Y.gif","164646","images/3470-kMzUs9Y.jpg","true","© Gym visual — https://gymvisual.com/"
"3194","frankenstein squat","upper legs","glutes","quadriceps","quadriceps; hamstrings; calves","barbell","videos/3194-bdWcbaU.gif","87287","images/3194-bdWcbaU.jpg","true","© Gym visual — https://gymvisual.com/"
"2429","frog crunch","waist","abs","hip flexors","hip flexors","body weight","videos/2429-FFRP97T.gif","100612","images/2429-FFRP97T.jpg","true","© Gym visual — https://gymvisual.com/"
"3301","frog planche","waist","abs","shoulders","shoulders; chest; triceps","body weight","videos/3301-rQhGcin.gif","83135","images/3301-rQhGcin.jpg","true","© Gym visual — https://gymvisual.com/"
"3296","front lever","waist","abs","lats","lats; shoulders; forearms","body weight","videos/3296-PkCN2lv.gif","85580","images/3296-PkCN2lv.jpg","true","© Gym visual — https://gymvisual.com/"
"3295","front lever reps","back","upper back","core","core; shoulders","body weight","videos/3295-hbY9wqG.gif","92347","images/3295-hbY9wqG.jpg","true","© Gym visual — https://gymvisual.com/"
"0464","front plank with twist","waist","abs","obliques","obliques; shoulders","body weight","videos/0464-CosupLu.gif","73218","images/0464-CosupLu.jpg","true","© Gym visual — https://gymvisual.com/"
"3315","full maltese","waist","abs","shoulders","shoulders; chest","body weight","videos/3315-YRaCa5Y.gif","47887","images/3315-YRaCa5Y.jpg","true","© Gym visual — https://gymvisual.com/"
"3299","full planche","waist","abs","shoulders","shoulders; chest; triceps","body weight","videos/3299-YZ4961r.gif","51655","images/3299-YZ4961r.jpg","true","© Gym visual — https://gymvisual.com/"
"3327","full planche push-up","chest","pectorals","shoulders","shoulders; triceps; core","body weight","videos/3327-gw9PqGk.gif","58917","images/3327-gw9PqGk.jpg","true","© Gym visual — https://gymvisual.com/"
"0466","gironda sternum chin","back","lats","biceps","biceps; rhomboids; rear deltoids","body weight","videos/0466-IL0JUxR.gif","63822","images/0466-IL0JUxR.jpg","true","© Gym visual — https://gymvisual.com/"
"3561","glute bridge march","upper legs","glutes","hamstrings","hamstrings; quadriceps","body weight","videos/3561-GibBPPg.gif","174987","images/3561-GibBPPg.jpg","true","© Gym visual — https://gymvisual.com/"
"3523","glute bridge two legs on bench (male)","upper legs","glutes","hamstrings","hamstrings; core","body weight","videos/3523-aWedzZX.gif","91763","images/3523-aWedzZX.jpg","true","© Gym visual — https://gymvisual.com/"
"3193","glute-ham raise","upper legs","hamstrings","glutes","glutes; lower back","body weight","videos/3193-Vvwjz6N.gif","75589","images/3193-Vvwjz6N.jpg","true","© Gym visual — https://gymvisual.com/"
"0467","gorilla chin","waist","abs","forearms","forearms; biceps","body weight","videos/0467-bmwlYvD.gif","69509","images/0467-bmwlYvD.jpg","true","© Gym visual — https://gymvisual.com/"
"0469","groin crunch","waist","abs","hip flexors","hip flexors; inner thighs","body weight","videos/0469-mWppALS.gif","103701","images/0469-mWppALS.jpg","true","© Gym visual — https://gymvisual.com/"
"1383","hack calf raise","lower legs","calves","hamstrings","hamstrings; glutes","sled machine","videos/1383-2ORFMoR.gif","105243","images/1383-2ORFMoR.jpg","true","© Gym visual — https://gymvisual.com/"
"1384","hack one leg calf raise","lower legs","calves","hamstrings","hamstrings; glutes","sled machine","videos/1384-AxFoqAD.gif","108648","images/1384-AxFoqAD.jpg","true","© Gym visual — https://gymvisual.com/"
"3221","half knee bends (male)","cardio","cardiovascular system","quadriceps","quadriceps; hamstrings; glutes","body weight","videos/3221-ia6kIIl.gif","132823","images/3221-ia6kIIl.jpg","true","© Gym visual — https://gymvisual.com/"
"3202","half sit-up (male)","waist","abs","hip flexors","hip flexors","body weight","videos/3202-iQ241UP.gif","70954","images/3202-iQ241UP.jpg","true","© Gym visual — https://gymvisual.com/"
"1511","hamstring stretch","upper legs","hamstrings","glutes","glutes","body weight","videos/1511-99rWm7w.gif","77100","images/1511-99rWm7w.jpg","true","© Gym visual — https://gymvisual.com/"
"2139","hands bike","chest","pectorals","triceps","triceps; shoulders","upper body ergometer","videos/2139-pAIWRGu.gif","110847","images/2139-pAIWRGu.jpg","true","© Gym visual — https://gymvisual.com/"
"3218","hands clasped circular toe touch (male)","upper legs","glutes","hamstrings","hamstrings; quadriceps; calves","body weight","videos/3218-B5xca8s.gif","183587","images/3218-B5xca8s.jpg","true","© Gym visual — https://gymvisual.com/"
"3215","hands reversed clasped circular toe touch (male)","upper legs","glutes","hamstrings","hamstrings; quadriceps; calves","body weight","videos/3215-yq3GAJX.gif","185440","images/3215-yq3GAJX.jpg","true","© Gym visual — https://gymvisual.com/"
"3302","handstand","upper arms","triceps","shoulders","shoulders; core","body weight","videos/3302-XooAdhl.gif","92176","images/3302-XooAdhl.jpg","true","© Gym visual — https://gymvisual.com/"
"0471","handstand push-up","upper arms","triceps","shoulders","shoulders; chest; core","body weight","videos/0471-rQxwMxO.gif","60277","images/0471-rQxwMxO.jpg","true","© Gym visual — https://gymvisual.com/"
"1764","hanging leg hip raise","waist","abs","hip flexors","hip flexors; lower back","body weight","videos/1764-VEcJRo2.gif","69455","images/1764-VEcJRo2.jpg","true","© Gym visual — https://gymvisual.com/"
"0472","hanging leg raise","waist","abs","hip flexors","hip flexors","body weight","videos/0472-I3tsCnC.gif","62253","images/0472-I3tsCnC.jpg","true","© Gym visual — https://gymvisual.com/"
"1761","hanging oblique knee raise","waist","abs","obliques","obliques","body weight","videos/1761-BaE7O6U.gif","113447","images/1761-BaE7O6U.jpg","true","© Gym visual — https://gymvisual.com/"
"0473","hanging pike","waist","abs","hip flexors","hip flexors; shoulders","body weight","videos/0473-nuBF9MO.gif","66150","images/0473-nuBF9MO.jpg","true","© Gym visual — https://gymvisual.com/"
"0474","hanging straight leg hip raise","waist","abs","hip flexors","hip flexors","body weight","videos/0474-pj0X0tF.gif","119888","images/0474-pj0X0tF.jpg","true","© Gym visual — https://gymvisual.com/"
"0475","hanging straight leg raise","waist","abs","hip flexors","hip flexors","body weight","videos/0475-4Ml7QFO.gif","59393","images/0475-4Ml7QFO.jpg","true","© Gym visual — https://gymvisual.com/"
"0476","hanging straight twisting leg hip raise","waist","abs","obliques","obliques; hip flexors","body weight","videos/0476-Q6bvyen.gif","120020","images/0476-Q6bvyen.jpg","true","© Gym visual — https://gymvisual.com/"
"3636","high knee against wall","cardio","cardiovascular system","quadriceps","quadriceps; hamstrings; glutes; calves","body weight","videos/3636-ealLwvX.gif","56086","images/3636-ealLwvX.jpg","true","© Gym visual — https://gymvisual.com/"
"0484","hip raise (bent knee)","waist","abs","glutes","glutes; hamstrings","body weight","videos/0484-196HJGw.gif","96048","images/0484-196HJGw.jpg","true","© Gym visual — https://gymvisual.com/"
"1418","hug keens to chest","upper legs","glutes","hamstrings","hamstrings; quadriceps","body weight","videos/1418-znP9SIh.gif","91677","images/1418-znP9SIh.jpg","true","© Gym visual — https://gymvisual.com/"
"3234","hyght dumbbell fly","chest","pectorals","shoulders","shoulders","dumbbell","videos/3234-P9ZRyLT.gif","107978","images/3234-P9ZRyLT.jpg","true","© Gym visual — https://gymvisual.com/"
"0489","hyperextension","back","spine","glutes","glutes; hamstrings","body weight","videos/0489-zhMwOwE.gif","81966","images/0489-zhMwOwE.jpg","true","© Gym visual — https://gymvisual.com/"
"0488","hyperextension (on bench)","back","spine","glutes","glutes; hamstrings","body weight","videos/0488-zkgRrbK.gif","74951","images/0488-zkgRrbK.jpg","true","© Gym visual — https://gymvisual.com/"
"3289","impossible dips","upper arms","triceps","chest","chest; shoulders","body weight","videos/3289-05Cf2v8.gif","76244","images/3289-05Cf2v8.jpg","true","© Gym visual — https://gymvisual.com/"
"1471","inchworm","waist","abs","shoulders","shoulders; hamstrings","body weight","videos/1471-ZgsNQ6d.gif","151976","images/1471-ZgsNQ6d.jpg","true","© Gym visual — https://gymvisual.com/"
"3698","inchworm v. 2","waist","abs","shoulders","shoulders; hamstrings","body weight","videos/3698-TV87DNB.gif","117496","images/3698-TV87DNB.jpg","true","© Gym visual — https://gymvisual.com/"
"0490","incline close-grip push-up","upper arms","triceps","chest","chest; shoulders","body weight","videos/0490-1YB40kg.gif","99845","images/0490-1YB40kg.jpg","true","© Gym visual — https://gymvisual.com/"
"0491","incline leg hip raise (leg straight)","waist","abs","hip flexors","hip flexors","body weight","videos/0491-eVxAzgz.gif","70656","images/0491-eVxAzgz.jpg","true","© Gym visual — https://gymvisual.com/"
"0492","incline push up depth jump","chest","pectorals","triceps","triceps; shoulders; core","body weight","videos/0492-CB8WET1.gif","135500","images/0492-CB8WET1.jpg","true","© Gym visual — https://gymvisual.com/"
"0493","incline push-up","chest","pectorals","triceps","triceps; shoulders","body weight","videos/0493-B1EVP9F.gif","113625","images/0493-B1EVP9F.jpg","true","© Gym visual — https://gymvisual.com/"
"3785","incline push-up (on box)","chest","pectorals","triceps","triceps; shoulders","body weight","videos/3785-F7vjXqT.gif","98564","images/3785-F7vjXqT.jpg","true","© Gym visual — https://gymvisual.com/"
"0494","incline reverse grip push-up","chest","pectorals","triceps","triceps; shoulders","body weight","videos/0494-XaaRnRn.gif","98935","images/0494-XaaRnRn.jpg","true","© Gym visual — https://gymvisual.com/"
"3011","incline scapula push up","chest","serratus anterior","triceps","triceps; shoulders","body weight","videos/3011-GdMa1ET.gif","96305","images/3011-GdMa1ET.jpg","true","© Gym visual — https://gymvisual.com/"
"0495","incline twisting sit-up","waist","abs","obliques","obliques","body weight","videos/0495-9ZGZuOD.gif","106727","images/0495-9ZGZuOD.jpg","true","© Gym visual — https://gymvisual.com/"
"1564","intermediate hip flexor and quad stretch","upper legs","quads","hamstrings","hamstrings; glutes","rope","videos/1564-tFGKm99.gif","64344","images/1564-tFGKm99.jpg","true","© Gym visual — https://gymvisual.com/"
"0496","inverse leg curl (bench support)","upper legs","hamstrings","glutes","glutes; calves","body weight","videos/0496-ms7tjSG.gif","108258","images/0496-ms7tjSG.jpg","true","© Gym visual — https://gymvisual.com/"
"2400","inverse leg curl (on pull-up cable machine)","upper legs","hamstrings","glutes","glutes; calves","body weight","videos/2400-0rHfvy9.gif","125094","images/2400-0rHfvy9.jpg","true","© Gym visual — https://gymvisual.com/"
"0499","inverted row","back","upper back","biceps","biceps; forearms","body weight","videos/0499-bZGHsAZ.gif","115920","images/0499-bZGHsAZ.jpg","true","© Gym visual — https://gymvisual.com/"
"2300","inverted row bent knees","back","upper back","biceps","biceps; forearms","body weight","videos/2300-VPPtusI.gif","112679","images/2300-VPPtusI.jpg","true","© Gym visual — https://gymvisual.com/"
"2298","inverted row on bench","back","upper back","biceps","biceps; forearms","body weight","videos/2298-Mxa7Cr8.gif","104121","images/2298-Mxa7Cr8.jpg","true","© Gym visual — https://gymvisual.com/"
"0497","inverted row v. 2","back","upper back","biceps","biceps; forearms","body weight","videos/0497-uX3sUBz.gif","57651","images/0497-uX3sUBz.jpg","true","© Gym visual — https://gymvisual.com/"
"0498","inverted row with straps","back","upper back","biceps","biceps; forearms","body weight","videos/0498-jdiExfW.gif","95870","images/0498-jdiExfW.jpg","true","© Gym visual — https://gymvisual.com/"
"1419","iron cross stretch","upper legs","glutes","hamstrings","hamstrings; quadriceps","body weight","videos/1419-pZwUsKB.gif","74053","images/1419-pZwUsKB.jpg","true","© Gym visual — https://gymvisual.com/"
"1297","isometric chest squeeze","chest","pectorals","triceps","triceps; shoulders","body weight","videos/1297-HbSG1Pw.gif","73656","images/1297-HbSG1Pw.jpg","true","© Gym visual — https://gymvisual.com/"
"0500","isometric wipers","chest","pectorals","shoulders","shoulders; triceps; core","body weight","videos/0500-11wrviz.gif","61609","images/0500-11wrviz.jpg","true","© Gym visual — https://gymvisual.com/"
"0501","jack burpee","cardio","cardiovascular system","quadriceps","quadriceps; hamstrings; calves; shoulders; triceps; core","body weight","videos/0501-mr7pkqP.gif","94795","images/0501-mr7pkqP.jpg","true","© Gym visual — https://gymvisual.com/"
"3224","jack jump (male)","cardio","cardiovascular system","quadriceps","quadriceps; calves","body weight","videos/3224-1g5bPpA.gif","132797","images/3224-1g5bPpA.jpg","true","© Gym visual — https://gymvisual.com/"
"0507","jackknife sit-up","waist","abs","hip flexors","hip flexors","body weight","videos/0507-mbkgB44.gif","64228","images/0507-mbkgB44.jpg","true","© Gym visual — https://gymvisual.com/"
"0508","janda sit-up","waist","abs","hip flexors","hip flexors; lower back","body weight","videos/0508-1GPHRyK.gif","115513","images/0508-1GPHRyK.jpg","true","© Gym visual — https://gymvisual.com/"
"2612","jump rope","cardio","cardiovascular system","calves","calves; quadriceps; hamstrings; glutes","rope","videos/2612-e1e76I2.gif","62427","images/2612-e1e76I2.jpg","true","© Gym visual — https://gymvisual.com/"
"0514","jump squat","upper legs","glutes","quadriceps","quadriceps; hamstrings; calves","body weight","videos/0514-LIlE5Tn.gif","61770","images/0514-LIlE5Tn.jpg","true","© Gym visual — https://gymvisual.com/"
"0513","jump squat v. 2","upper legs","glutes","quadriceps","quadriceps; hamstrings; calves","body weight","videos/0513-TDYiji6.gif","71855","images/0513-TDYiji6.jpg","true","© Gym visual — https://gymvisual.com/"
"0517","kettlebell advanced windmill","waist","abs","obliques","obliques; shoulders","kettlebell","videos/0517-Kal9cQQ.gif","70217","images/0517-Kal9cQQ.jpg","true","© Gym visual — https://gymvisual.com/"
"0518","kettlebell alternating hang clean","lower arms","forearms","shoulders","shoulders; traps; core","kettlebell","videos/0518-I4tibZG.gif","70437","images/0518-I4tibZG.jpg","true","© Gym visual — https://gymvisual.com/"
"0520","kettlebell alternating press","shoulders","delts","triceps","triceps; core","kettlebell","videos/0520-5KLbZWx.gif","62100","images/0520-5KLbZWx.jpg","true","© Gym visual — https://gymvisual.com/"
"0519","kettlebell alternating press on floor","chest","pectorals","shoulders","shoulders; triceps","kettlebell","videos/0519-7w6i0vE.gif","90979","images/0519-7w6i0vE.jpg","true","© Gym visual — https://gymvisual.com/"
"0521","kettlebell alternating renegade row","back","upper back","core","core; shoulders","kettlebell","videos/0521-b9kqlBy.gif","121034","images/0521-b9kqlBy.jpg","true","© Gym visual — https://gymvisual.com/"
"0522","kettlebell alternating row","back","upper back","biceps","biceps; forearms","kettlebell","videos/0522-Ca76jUE.gif","107282","images/0522-Ca76jUE.jpg","true","© Gym visual — https://gymvisual.com/"
"0523","kettlebell arnold press","shoulders","delts","triceps","triceps; upper back","kettlebell","videos/0523-UM8mgyG.gif","58903","images/0523-UM8mgyG.jpg","true","© Gym visual — https://gymvisual.com/"
"0524","kettlebell bent press","waist","abs","shoulders","shoulders; triceps; obliques","kettlebell","videos/0524-kjE55n5.gif","88090","images/0524-kjE55n5.jpg","true","© Gym visual — https://gymvisual.com/"
"0525","kettlebell bottoms up clean from the hang position","upper arms","biceps","forearms","forearms; shoulders","kettlebell","videos/0525-4KJEpzb.gif","65664","images/0525-4KJEpzb.jpg","true","© Gym visual — https://gymvisual.com/"
"0526","kettlebell double alternating hang clean","upper arms","biceps","forearms","forearms; shoulders","kettlebell","videos/0526-a4F9Oyc.gif","72314","images/0526-a4F9Oyc.jpg","true","© Gym visual — https://gymvisual.com/"
"0527","kettlebell double jerk","shoulders","delts","triceps","triceps; core","kettlebell","videos/0527-tznL2Ad.gif","82614","images/0527-tznL2Ad.jpg","true","© Gym visual — https://gymvisual.com/"
"0528","kettlebell double push press","shoulders","delts","triceps","triceps; core","kettlebell","videos/0528-I4KkPdl.gif","93059","images/0528-I4KkPdl.jpg","true","© Gym visual — https://gymvisual.com/"
"0529","kettlebell double snatch","shoulders","delts","trapezius","trapezius; forearms; core","kettlebell","videos/0529-M74kdvm.gif","90893","images/0529-M74kdvm.jpg","true","© Gym visual — https://gymvisual.com/"
"0530","kettlebell double windmill","waist","abs","shoulders","shoulders; hamstrings","kettlebell","videos/0530-OaE7CpD.gif","76904","images/0530-OaE7CpD.jpg","true","© Gym visual — https://gymvisual.com/"
"0531","kettlebell extended range one arm press on floor","chest","pectorals","triceps","triceps; shoulders","kettlebell","videos/0531-rseLfH3.gif","75230","images/0531-rseLfH3.jpg","true","© Gym visual — https://gymvisual.com/"
"0532","kettlebell figure 8","waist","abs","shoulders","shoulders; forearms","kettlebell","videos/0532-L4ay0PW.gif","117983","images/0532-L4ay0PW.jpg","true","© Gym visual — https://gymvisual.com/"
"0533","kettlebell front squat","upper legs","glutes","quadriceps","quadriceps; hamstrings; calves","kettlebell","videos/0533-DB0n8AG.gif","74283","images/0533-DB0n8AG.jpg","true","© Gym visual — https://gymvisual.com/"
"0534","kettlebell goblet squat","upper legs","glutes","quadriceps","quadriceps; hamstrings; calves","kettlebell","videos/0534-ZA8b5hc.gif","71500","images/0534-ZA8b5hc.jpg","true","© Gym visual — https://gymvisual.com/"
"0535","kettlebell hang clean","upper legs","hamstrings","glutes","glutes; quadriceps; calves","kettlebell","videos/0535-LHWF7us.gif","100118","images/0535-LHWF7us.jpg","true","© Gym visual — https://gymvisual.com/"
"0536","kettlebell lunge pass through","upper legs","glutes","quadriceps","quadriceps; hamstrings; calves","kettlebell","videos/0536-WKMQzCD.gif","100098","images/0536-WKMQzCD.jpg","true","© Gym visual — https://gymvisual.com/"
"0537","kettlebell one arm clean and jerk","shoulders","delts","triceps","triceps; core","kettlebell","videos/0537-vzAxBtt.gif","113418","images/0537-vzAxBtt.jpg","true","© Gym visual — https://gymvisual.com/"
"1298","kettlebell one arm floor press","chest","pectorals","triceps","triceps; shoulders","kettlebell","videos/1298-rg59QCH.gif","81321","images/1298-rg59QCH.jpg","true","© Gym visual — https://gymvisual.com/"
"0538","kettlebell one arm jerk","shoulders","delts","triceps","triceps; core","kettlebell","videos/0538-S37C94C.gif","61101","images/0538-S37C94C.jpg","true","© Gym visual — https://gymvisual.com/"
"0539","kettlebell one arm military press to the side","shoulders","delts","triceps","triceps; core","kettlebell","videos/0539-yCvYdi7.gif","59699","images/0539-yCvYdi7.jpg","true","© Gym visual — https://gymvisual.com/"
"0540","kettlebell one arm push press","shoulders","delts","triceps","triceps; core","kettlebell","videos/0540-osdXT3K.gif","92844","images/0540-osdXT3K.jpg","true","© Gym visual — https://gymvisual.com/"
"0541","kettlebell one arm row","back","upper back","biceps","biceps; forearms","kettlebell","videos/0541-g9AsZ8P.gif","100844","images/0541-g9AsZ8P.jpg","true","© Gym visual — https://gymvisual.com/"
"0542","kettlebell one arm snatch","shoulders","delts","trapezius","trapezius; forearms; core","kettlebell","videos/0542-aXcUyKb.gif","87953","images/0542-aXcUyKb.jpg","true","© Gym visual — https://gymvisual.com/"
"0543","kettlebell pirate supper legs","shoulders","delts","triceps","triceps; forearms","kettlebell","videos/0543-kuXhl0o.gif","68834","images/0543-kuXhl0o.jpg","true","© Gym visual — https://gymvisual.com/"
"0544","kettlebell pistol squat","upper legs","glutes","quadriceps","quadriceps; hamstrings; calves","kettlebell","videos/0544-5bpPTHv.gif","82918","images/0544-5bpPTHv.jpg","true","© Gym visual — https://gymvisual.com/"
"0545","kettlebell plyo push-up","chest","pectorals","triceps","triceps; shoulders; core","kettlebell","videos/0545-ktf3nvW.gif","70917","images/0545-ktf3nvW.jpg","true","© Gym visual — https://gymvisual.com/"
"0546","kettlebell seated press","shoulders","delts","triceps","triceps; core","kettlebell","videos/0546-BkxB8LW.gif","109037","images/0546-BkxB8LW.jpg","true","© Gym visual — https://gymvisual.com/"
"1438","kettlebell seated two arm military press","shoulders","delts","triceps","triceps; upper back","kettlebell","videos/1438-ZEkjZDi.gif","92202","images/1438-ZEkjZDi.jpg","true","© Gym visual — https://gymvisual.com/"
"0547","kettlebell seesaw press","shoulders","delts","triceps","triceps; core","kettlebell","videos/0547-UDm6cGl.gif","62082","images/0547-UDm6cGl.jpg","true","© Gym visual — https://gymvisual.com/"
"0548","kettlebell sumo high pull","back","traps","shoulders","shoulders; glutes; hamstrings","kettlebell","videos/0548-8ARQ9Hw.gif","82324","images/0548-8ARQ9Hw.jpg","true","© Gym visual — https://gymvisual.com/"
"0549","kettlebell swing","upper legs","glutes","hamstrings","hamstrings; core","kettlebell","videos/0549-UHJlbu3.gif","62828","images/0549-UHJlbu3.jpg","true","© Gym visual — https://gymvisual.com/"
"0550","kettlebell thruster","shoulders","delts","quadriceps","quadriceps; glutes; core","kettlebell","videos/0550-yWxMvB5.gif","88843","images/0550-yWxMvB5.jpg","true","© Gym visual — https://gymvisual.com/"
"0551","kettlebell turkish get up (squat style)","upper legs","glutes","quadriceps","quadriceps; hamstrings; core","kettlebell","videos/0551-Ha7SZ3y.gif","232578","images/0551-Ha7SZ3y.jpg","true","© Gym visual — https://gymvisual.com/"
"0552","kettlebell two arm clean","shoulders","delts","traps","traps; forearms","kettlebell","videos/0552-7Ba7bQ2.gif","80553","images/0552-7Ba7bQ2.jpg","true","© Gym visual — https://gymvisual.com/"
"0553","kettlebell two arm military press","shoulders","delts","triceps","triceps; upper back","kettlebell","videos/0553-blBXysN.gif","68401","images/0553-blBXysN.jpg","true","© Gym visual — https://gymvisual.com/"
"1345","kettlebell two arm row","back","upper back","biceps","biceps; forearms","kettlebell","videos/1345-wf24o8S.gif","101759","images/1345-wf24o8S.jpg","true","© Gym visual — https://gymvisual.com/"
"0554","kettlebell windmill","waist","abs","obliques","obliques; shoulders","kettlebell","videos/0554-9Tkqa9O.gif","75981","images/0554-9Tkqa9O.jpg","true","© Gym visual — https://gymvisual.com/"
"0555","kick out sit","upper legs","hamstrings","quadriceps","quadriceps; glutes","body weight","videos/0555-v7p5bYl.gif","88211","images/0555-v7p5bYl.jpg","true","© Gym visual — https://gymvisual.com/"
"0558","kipping muscle up","back","lats","biceps","biceps; triceps; shoulders; core","body weight","videos/0558-pM07UxU.gif","57898","images/0558-pM07UxU.jpg","true","© Gym visual — https://gymvisual.com/"
"3640","knee touch crunch","waist","abs","hip flexors","hip flexors","body weight","videos/3640-dTg95eZ.gif","84846","images/3640-dTg95eZ.jpg","true","© Gym visual — https://gymvisual.com/"
"1420","kneeling jump squat","upper legs","glutes","quadriceps","quadriceps; hamstrings; calves","barbell","videos/1420-UgDm3oy.gif","103580","images/1420-UgDm3oy.jpg","true","© Gym visual — https://gymvisual.com/"
"1346","kneeling lat stretch","back","lats","shoulders","shoulders; triceps","body weight","videos/1346-f38OEuO.gif","69095","images/1346-f38OEuO.jpg","true","© Gym visual — https://gymvisual.com/"
"3239","kneeling plank tap shoulder (male)","waist","abs","shoulders","shoulders; triceps","body weight","videos/3239-h1ezqSu.gif","95127","images/3239-h1ezqSu.jpg","true","© Gym visual — https://gymvisual.com/"
"3211","kneeling push-up (male)","chest","pectorals","triceps","triceps; shoulders","body weight","videos/3211-ZOuKWir.gif","66936","images/3211-ZOuKWir.jpg","true","© Gym visual — https://gymvisual.com/"
"3288","korean dips","chest","pectorals","triceps","triceps; shoulders","body weight","videos/3288-rWoBmi5.gif","76602","images/3288-rWoBmi5.jpg","true","© Gym visual — https://gymvisual.com/"
"3418","l-pull-up","back","lats","biceps","biceps; forearms","body weight","videos/3418-d1GgzTU.gif","83318","images/3418-d1GgzTU.jpg","true","© Gym visual — https://gymvisual.com/"
"3419","l-sit on floor","waist","abs","hip flexors","hip flexors","body weight","videos/3419-UpWmA5E.gif","110115","images/3419-UpWmA5E.jpg","true","© Gym visual — https://gymvisual.com/"
"0562","landmine 180","waist","abs","obliques","obliques; quadriceps","barbell","videos/0562-QYysSLV.gif","88011","images/0562-QYysSLV.jpg","true","© Gym visual — https://gymvisual.com/"
"3237","landmine lateral raise","shoulders","delts","traps","traps; upper back","barbell","videos/3237-eXMFHww.gif","72467","images/3237-eXMFHww.jpg","true","© Gym visual — https://gymvisual.com/"
"3300","lean planche","waist","abs","shoulders","shoulders; chest; triceps","body weight","videos/3300-LYJodFS.gif","57465","images/3300-LYJodFS.jpg","true","© Gym visual — https://gymvisual.com/"
"2271","left hook. boxing","shoulders","delts","biceps","biceps; triceps; forearms","body weight","videos/2271-hoXt6wv.gif","104009","images/2271-hoXt6wv.jpg","true","© Gym visual — https://gymvisual.com/"
"0570","leg pull in flat bench","waist","abs","hip flexors","hip flexors; lower back","body weight","videos/0570-OyoZ3Pu.gif","81366","images/0570-OyoZ3Pu.jpg","true","© Gym visual — https://gymvisual.com/"
"1576","leg up hamstring stretch","upper legs","hamstrings","glutes","glutes","body weight","videos/1576-sU5BrfP.gif","71993","images/1576-sU5BrfP.jpg","true","© Gym visual — https://gymvisual.com/"
"2287","lever alternate leg press","upper legs","quads","hamstrings","hamstrings; glutes","leverage machine","videos/2287-V07qpXy.gif","197749","images/2287-V07qpXy.jpg","true","© Gym visual — https://gymvisual.com/"
"0571","lever alternating narrow grip seated row","back","upper back","biceps","biceps; forearms","leverage machine","videos/0571-w2oRpuH.gif","110797","images/0571-w2oRpuH.jpg","true","© Gym visual — https://gymvisual.com/"
"0572","lever assisted chin-up","back","lats","biceps","biceps; forearms","leverage machine","videos/0572-MaMuGH6.gif","91973","images/0572-MaMuGH6.jpg","true","© Gym visual — https://gymvisual.com/"
"0573","lever back extension","back","spine","glutes","glutes; hamstrings","leverage machine","videos/0573-rUXfn3R.gif","123881","images/0573-rUXfn3R.jpg","true","© Gym visual — https://gymvisual.com/"
"0574","lever bent over row","back","upper back","biceps","biceps; forearms","barbell","videos/0574-X3cqyXz.gif","87101","images/0574-X3cqyXz.jpg","true","© Gym visual — https://gymvisual.com/"
"3200","lever bent-over row with v-bar","back","upper back","biceps","biceps; forearms","leverage machine","videos/3200-LuBEORI.gif","60461","images/3200-LuBEORI.jpg","true","© Gym visual — https://gymvisual.com/"
"0575","lever bicep curl","upper arms","biceps","forearms","forearms","leverage machine","videos/0575-q6y3OhV.gif","158266","images/0575-q6y3OhV.jpg","true","© Gym visual — https://gymvisual.com/"
"2289","lever calf press","lower legs","calves","hamstrings","hamstrings","leverage machine","videos/2289-7B4F5nZ.gif","144809","images/2289-7B4F5nZ.jpg","true","© Gym visual — https://gymvisual.com/"
"0577","lever chest press","chest","pectorals","triceps","triceps; shoulders","leverage machine","videos/0577-T0yTjgW.gif","135362","images/0577-T0yTjgW.jpg","true","© Gym visual — https://gymvisual.com/"
"0576","lever chest press","chest","pectorals","triceps","triceps; shoulders","leverage machine","videos/0576-DOoWcnA.gif","115475","images/0576-DOoWcnA.jpg","true","© Gym visual — https://gymvisual.com/"
"0578","lever deadlift","upper legs","glutes","hamstrings","hamstrings; quadriceps","leverage machine","videos/0578-GUT8I22.gif","107716","images/0578-GUT8I22.jpg","true","© Gym visual — https://gymvisual.com/"
"1300","lever decline chest press","chest","pectorals","triceps","triceps; shoulders","leverage machine","videos/1300-vsVoPHt.gif","153641","images/1300-vsVoPHt.jpg","true","© Gym visual — https://gymvisual.com/"
"1253","lever donkey calf raise","lower legs","calves","hamstrings","hamstrings; glutes","leverage machine","videos/1253-C9LuR4A.gif","151072","images/1253-C9LuR4A.jpg","true","© Gym visual — https://gymvisual.com/"
"0579","lever front pulldown","back","lats","biceps","biceps; rhomboids; rear deltoids","leverage machine","videos/0579-7F1DVzn.gif","125722","images/0579-7F1DVzn.jpg","true","© Gym visual — https://gymvisual.com/"
"0580","lever gripless shrug","back","traps","shoulders","shoulders; forearms","leverage machine","videos/0580-f91FwXG.gif","125368","images/0580-f91FwXG.jpg","true","© Gym visual — https://gymvisual.com/"
"1439","lever gripless shrug v. 2","back","traps","shoulders","shoulders; forearms","leverage machine","videos/1439-cbuFJrn.gif","116204","images/1439-cbuFJrn.jpg","true","© Gym visual — https://gymvisual.com/"
"2288","lever gripper hands","lower arms","forearms","biceps","biceps; triceps","leverage machine","videos/2288-mKwcrHn.gif","121251","images/2288-mKwcrHn.jpg","true","© Gym visual — https://gymvisual.com/"
"1615","lever hammer grip preacher curl","upper arms","biceps","forearms","forearms","leverage machine","videos/1615-OAguZoG.gif","154701","images/1615-OAguZoG.jpg","true","© Gym visual — https://gymvisual.com/"
"0581","lever high row","back","upper back","biceps","biceps; rear deltoids","leverage machine","videos/0581-nZZZy9m.gif","126978","images/0581-nZZZy9m.jpg","true","© Gym visual — https://gymvisual.com/"
"2286","lever hip extension v. 2","upper legs","glutes","hamstrings","hamstrings","leverage machine","videos/2286-OPqShYN.gif","177487","images/2286-OPqShYN.jpg","true","© Gym visual — https://gymvisual.com/"
"2611","lever horizontal one leg press","upper legs","glutes","quadriceps","quadriceps; hamstrings; calves","leverage machine","videos/2611-9KU9TYF.gif","129614","images/2611-9KU9TYF.jpg","true","© Gym visual — https://gymvisual.com/"
"1299","lever incline chest press","chest","pectorals","shoulders","shoulders; triceps","leverage machine","videos/1299-jHAnWmT.gif","139906","images/1299-jHAnWmT.jpg","true","© Gym visual — https://gymvisual.com/"
"1479","lever incline chest press v. 2","chest","pectorals","triceps","triceps; shoulders","leverage machine","videos/1479-o17Jfkt.gif","144109","images/1479-o17Jfkt.jpg","true","© Gym visual — https://gymvisual.com/"
"0582","lever kneeling leg curl","upper legs","hamstrings","glutes","glutes","leverage machine","videos/0582-nnmCTLN.gif","130070","images/0582-nnmCTLN.jpg","true","© Gym visual — https://gymvisual.com/"
"0583","lever kneeling twist","waist","abs","obliques","obliques; lower back","leverage machine","videos/0583-sZOR9EV.gif","102461","images/0583-sZOR9EV.jpg","true","© Gym visual — https://gymvisual.com/"
"0584","lever lateral raise","shoulders","delts","traps","traps; upper back","leverage machine","videos/0584-dRTfGZT.gif","146548","images/0584-dRTfGZT.jpg","true","© Gym visual — https://gymvisual.com/"
"0585","lever leg extension","upper legs","quads","hamstrings","hamstrings","leverage machine","videos/0585-my33uHU.gif","142827","images/0585-my33uHU.jpg","true","© Gym visual — https://gymvisual.com/"
"0586","lever lying leg curl","upper legs","hamstrings","calves","calves","leverage machine","videos/0586-17lJ1kr.gif","114778","images/0586-17lJ1kr.jpg","true","© Gym visual — https://gymvisual.com/"
"3195","lever lying two-one leg curl","upper legs","hamstrings","glutes","glutes","leverage machine","videos/3195-UXpKJoq.gif","196124","images/3195-UXpKJoq.jpg","true","© Gym visual — https://gymvisual.com/"
"0587","lever military press","shoulders","delts","triceps","triceps; upper chest","leverage machine","videos/0587-CggQhII.gif","113442","images/0587-CggQhII.jpg","true","© Gym visual — https://gymvisual.com/"
"0588","lever narrow grip seated row","back","upper back","biceps","biceps; forearms","leverage machine","videos/0588-IGjKj1v.gif","99675","images/0588-IGjKj1v.jpg","true","© Gym visual — https://gymvisual.com/"
"0589","lever one arm bent over row","back","upper back","biceps","biceps; forearms","barbell","videos/0589-Fhdtwf3.gif","79370","images/0589-Fhdtwf3.jpg","true","© Gym visual — https://gymvisual.com/"
"1356","lever one arm lateral high row","back","upper back","biceps","biceps; shoulders","leverage machine","videos/1356-OIFMAp1.gif","134362","images/1356-OIFMAp1.jpg","true","© Gym visual — https://gymvisual.com/"
"1347","lever one arm lateral wide pulldown","back","lats","biceps","biceps; rhomboids; rear deltoids","leverage machine","videos/1347-tTuZSDT.gif","138066","images/1347-tTuZSDT.jpg","true","© Gym visual — https://gymvisual.com/"
"0590","lever one arm shoulder press","shoulders","delts","triceps","triceps; upper back","leverage machine","videos/0590-2KGnL6M.gif","79033","images/0590-2KGnL6M.jpg","true","© Gym visual — https://gymvisual.com/"
"0591","lever overhand triceps dip","upper arms","triceps","chest","chest; shoulders","leverage machine","videos/0591-D5yqP2p.gif","111437","images/0591-D5yqP2p.jpg","true","© Gym visual — https://gymvisual.com/"
"0592","lever preacher curl","upper arms","biceps","forearms","forearms","leverage machine","videos/0592-b6hQYMb.gif","142830","images/0592-b6hQYMb.jpg","true","© Gym visual — https://gymvisual.com/"
"1614","lever preacher curl v. 2","upper arms","biceps","forearms","forearms","leverage machine","videos/1614-ye84CTU.gif","154336","images/1614-ye84CTU.jpg","true","© Gym visual — https://gymvisual.com/"
"2285","lever pullover","back","lats","triceps","triceps; shoulders","leverage machine","videos/2285-4U7iLb5.gif","140670","images/2285-4U7iLb5.jpg","true","© Gym visual — https://gymvisual.com/"
"2736","lever reverse grip lateral pulldown","back","lats","biceps","biceps; rhomboids; rear deltoids","leverage machine","videos/2736-ky8FLU8.gif","158405","images/2736-ky8FLU8.jpg","true","© Gym visual — https://gymvisual.com/"
"1616","lever reverse grip preacher curl","upper arms","biceps","forearms","forearms","leverage machine","videos/1616-kj3hy6W.gif","155406","images/1616-kj3hy6W.jpg","true","© Gym visual — https://gymvisual.com/"
"1348","lever reverse grip vertical row","back","upper back","biceps","biceps; forearms","leverage machine","videos/1348-ZqNOWQ6.gif","136833","images/1348-ZqNOWQ6.jpg","true","© Gym visual — https://gymvisual.com/"
"0593","lever reverse hyperextension","upper legs","glutes","hamstrings","hamstrings; lower back","leverage machine","videos/0593-Krmb3cB.gif","126769","images/0593-Krmb3cB.jpg","true","© Gym visual — https://gymvisual.com/"
"1349","lever reverse t-bar row","back","upper back","biceps","biceps; forearms","leverage machine","videos/1349-BgljGjd.gif","117168","images/1349-BgljGjd.jpg","true","© Gym visual — https://gymvisual.com/"
"2315","lever rotary calf","lower legs","calves","soleus","soleus; ankle stabilizers","leverage machine","videos/2315-MrgP9L6.gif","150474","images/2315-MrgP9L6.jpg","true","© Gym visual — https://gymvisual.com/"
"2335","lever seated calf press","lower legs","calves","soleus","soleus; hamstrings","leverage machine","videos/2335-Ie9UGty.gif","128015","images/2335-Ie9UGty.jpg","true","© Gym visual — https://gymvisual.com/"
"0594","lever seated calf raise","lower legs","calves","soleus","soleus; ankle stabilizers","leverage machine","videos/0594-bOOdeyc.gif","108148","images/0594-bOOdeyc.jpg","true","© Gym visual — https://gymvisual.com/"
"1452","lever seated crunch","waist","abs","obliques","obliques","leverage machine","videos/1452-Wgaz7pm.gif","158762","images/1452-Wgaz7pm.jpg","true","© Gym visual — https://gymvisual.com/"
"0595","lever seated crunch (chest pad)","waist","abs","obliques","obliques","leverage machine","videos/0595-ZnJHhMk.gif","147909","images/0595-ZnJHhMk.jpg","true","© Gym visual — https://gymvisual.com/"
"3760","lever seated crunch v. 2","waist","abs","obliques","obliques; hip flexors","leverage machine","videos/3760-eXFXCY0.gif","126660","images/3760-eXFXCY0.jpg","true","© Gym visual — https://gymvisual.com/"
"1451","lever seated dip","upper arms","triceps","chest","chest; shoulders","leverage machine","videos/1451-BRImeP8.gif","154186","images/1451-BRImeP8.jpg","true","© Gym visual — https://gymvisual.com/"
"0596","lever seated fly","chest","pectorals","deltoids","deltoids; trapezius","leverage machine","videos/0596-v3xmPAR.gif","121607","images/0596-v3xmPAR.jpg","true","© Gym visual — https://gymvisual.com/"
"3759","lever seated good morning","upper legs","glutes","hamstrings","hamstrings; lower back","leverage machine","videos/3759-XsCcxCC.gif","109836","images/3759-XsCcxCC.jpg","true","© Gym visual — https://gymvisual.com/"
"0597","lever seated hip abduction","upper legs","abductors","glutes","glutes; hamstrings","leverage machine","videos/0597-CHpahtl.gif","178656","images/0597-CHpahtl.jpg","true","© Gym visual — https://gymvisual.com/"
"0598","lever seated hip adduction","upper legs","adductors","hamstrings","hamstrings; glutes","leverage machine","videos/0598-oHsrypV.gif","134395","images/0598-oHsrypV.jpg","true","© Gym visual — https://gymvisual.com/"
"0599","lever seated leg curl","upper legs","hamstrings","calves","calves","leverage machine","videos/0599-Zg3XY7P.gif","141354","images/0599-Zg3XY7P.jpg","true","© Gym visual — https://gymvisual.com/"
"0600","lever seated leg raise crunch","waist","abs","hip flexors","hip flexors","leverage machine","videos/0600-PQ2AtC3.gif","152450","images/0600-PQ2AtC3.jpg","true","© Gym visual — https://gymvisual.com/"
"0602","lever seated reverse fly","shoulders","delts","trapezius","trapezius; rhomboids","leverage machine","videos/0602-myfUsKf.gif","137477","images/0602-myfUsKf.jpg","true","© Gym visual — https://gymvisual.com/"
"0601","lever seated reverse fly (parallel grip)","shoulders","delts","trapezius","trapezius; rhomboids","leverage machine","videos/0601-xiHiJcA.gif","137739","images/0601-xiHiJcA.jpg","true","© Gym visual — https://gymvisual.com/"
"1350","lever seated row","back","upper back","biceps","biceps; forearms","leverage machine","videos/1350-7I6LNUG.gif","136785","images/1350-7I6LNUG.jpg","true","© Gym visual — https://gymvisual.com/"
"1385","lever seated squat calf raise on leg press machine","lower legs","calves","quadriceps","quadriceps; hamstrings; glutes","leverage machine","videos/1385-IeDEXTe.gif","117220","images/1385-IeDEXTe.jpg","true","© Gym visual — https://gymvisual.com/"
"0603","lever shoulder press","shoulders","delts","triceps","triceps; chest","leverage machine","videos/0603-67n3r98.gif","81313","images/0603-67n3r98.jpg","true","© Gym visual — https://gymvisual.com/"
"0869","lever shoulder press v. 2","shoulders","delts","triceps","triceps; chest","leverage machine","videos/0869-vqsbmL0.gif","169273","images/0869-vqsbmL0.jpg","true","© Gym visual — https://gymvisual.com/"
"2318","lever shoulder press v. 3","shoulders","delts","triceps","triceps; chest","leverage machine","videos/2318-dNFYIU1.gif","136344","images/2318-dNFYIU1.jpg","true","© Gym visual — https://gymvisual.com/"
"0604","lever shrug","back","traps","shoulders","shoulders","leverage machine","videos/0604-ZZKbeMw.gif","121216","images/0604-ZZKbeMw.jpg","true","© Gym visual — https://gymvisual.com/"
"0605","lever standing calf raise","lower legs","calves","soleus","soleus; ankle stabilizers","leverage machine","videos/0605-ykUOVze.gif","108929","images/0605-ykUOVze.jpg","true","© Gym visual — https://gymvisual.com/"
"3758","lever standing chest press","chest","pectorals","shoulders","shoulders; triceps","leverage machine","videos/3758-WbNq5Xu.gif","138205","images/3758-WbNq5Xu.jpg","true","© Gym visual — https://gymvisual.com/"
"0606","lever t bar row","back","upper back","biceps","biceps; forearms","leverage machine","videos/0606-aaXr7ld.gif","81102","images/0606-aaXr7ld.jpg","true","© Gym visual — https://gymvisual.com/"
"1351","lever t-bar reverse grip row","back","upper back","biceps","biceps; forearms","leverage machine","videos/1351-FVM1AUZ.gif","70244","images/1351-FVM1AUZ.jpg","true","© Gym visual — https://gymvisual.com/"
"0607","lever triceps extension","upper arms","triceps","shoulders","shoulders","leverage machine","videos/0607-Ser9eQp.gif","133960","images/0607-Ser9eQp.jpg","true","© Gym visual — https://gymvisual.com/"
"1313","lever unilateral row","back","upper back","biceps","biceps; forearms","leverage machine","videos/1313-oROuvrX.gif","115843","images/1313-oROuvrX.jpg","true","© Gym visual — https://gymvisual.com/"
"0609","london bridge","back","upper back","shoulders","shoulders; biceps; forearms","rope","videos/0609-bLyQokI.gif","99134","images/0609-bLyQokI.jpg","true","© Gym visual — https://gymvisual.com/"
"3013","low glute bridge on floor","upper legs","glutes","hamstrings","hamstrings; core","body weight","videos/3013-u0cNiij.gif","86092","images/3013-u0cNiij.jpg","true","© Gym visual — https://gymvisual.com/"
"1352","lower back curl","back","spine","glutes","glutes; hamstrings","body weight","videos/1352-ANbbry2.gif","60693","images/1352-ANbbry2.jpg","true","© Gym visual — https://gymvisual.com/"
"3582","lunge with jump","upper legs","glutes","quadriceps","quadriceps; hamstrings; calves","body weight","videos/3582-PM1PZjg.gif","192667","images/3582-PM1PZjg.jpg","true","© Gym visual — https://gymvisual.com/"
"1688","lunge with twist","waist","abs","quadriceps","quadriceps; glutes; hamstrings","body weight","videos/1688-K9VL0Jq.gif","93824","images/1688-K9VL0Jq.jpg","true","© Gym visual — https://gymvisual.com/"
"0613","lying (side) quads stretch","upper legs","quads","hamstrings","hamstrings","body weight","videos/0613-BWnJR72.gif","69123","images/0613-BWnJR72.jpg","true","© Gym visual — https://gymvisual.com/"
"2312","lying elbow to knee","waist","abs","hip flexors","hip flexors; lower back","body weight","videos/2312-AQIhRjM.gif","100923","images/2312-AQIhRjM.jpg","true","© Gym visual — https://gymvisual.com/"
"0620","lying leg raise flat bench","waist","abs","hip flexors","hip flexors","body weight","videos/0620-WhuFnR7.gif","72886","images/0620-WhuFnR7.jpg","true","© Gym visual — https://gymvisual.com/"
"0865","lying leg-hip raise","waist","abs","hip flexors","hip flexors","body weight","videos/0865-9IxJdtC.gif","79031","images/0865-9IxJdtC.jpg","true","© Gym visual — https://gymvisual.com/"
"1301","machine inner chest press","chest","pectorals","triceps","triceps; shoulders","leverage machine","videos/1301-wDN97Ca.gif","139703","images/1301-wDN97Ca.jpg","true","© Gym visual — https://gymvisual.com/"
"0624","march sit (wall)","upper legs","glutes","quadriceps","quadriceps; hamstrings; calves","body weight","videos/0624-sVQCCeG.gif","62121","images/0624-sVQCCeG.jpg","true","© Gym visual — https://gymvisual.com/"
"1353","medicine ball catch and overhead throw","back","lats","shoulders","shoulders; core","medicine ball","videos/1353-PsVS1QP.gif","102576","images/1353-PsVS1QP.jpg","true","© Gym visual — https://gymvisual.com/"
"1302","medicine ball chest pass","chest","pectorals","shoulders","shoulders; triceps","medicine ball","videos/1302-aDoFKrE.gif","108185","images/1302-aDoFKrE.jpg","true","© Gym visual — https://gymvisual.com/"
"1303","medicine ball chest push from 3 point stance","chest","pectorals","shoulders","shoulders; triceps","medicine ball","videos/1303-dCJnuVq.gif","149452","images/1303-dCJnuVq.jpg","true","© Gym visual — https://gymvisual.com/"
"1304","medicine ball chest push multiple response","chest","pectorals","triceps","triceps; shoulders","medicine ball","videos/1304-7aolH9D.gif","121609","images/1304-7aolH9D.jpg","true","© Gym visual — https://gymvisual.com/"
"1305","medicine ball chest push single response","chest","pectorals","triceps","triceps; shoulders","medicine ball","videos/1305-jeHtrlO.gif","117725","images/1305-jeHtrlO.jpg","true","© Gym visual — https://gymvisual.com/"
"1312","medicine ball chest push with run release","chest","pectorals","triceps","triceps; shoulders; core","medicine ball","videos/1312-pX9Elbe.gif","101285","images/1312-pX9Elbe.jpg","true","© Gym visual — https://gymvisual.com/"
"1701","medicine ball close grip push up","upper arms","triceps","chest","chest; shoulders","medicine ball","videos/1701-8K7m2SS.gif","95399","images/1701-8K7m2SS.jpg","true","© Gym visual — https://gymvisual.com/"
"1354","medicine ball overhead slam","back","upper back","shoulders","shoulders; core","medicine ball","videos/1354-oHg8eop.gif","65305","images/1354-oHg8eop.jpg","true","© Gym visual — https://gymvisual.com/"
"1750","medicine ball supine chest throw","upper arms","triceps","chest","chest; shoulders","medicine ball","videos/1750-Al3tP0D.gif","88791","images/1750-Al3tP0D.jpg","true","© Gym visual — https://gymvisual.com/"
"0627","mixed grip chin-up","back","lats","biceps","biceps; forearms","body weight","videos/0627-T8UpLkb.gif","72684","images/0627-T8UpLkb.jpg","true","© Gym visual — https://gymvisual.com/"
"3217","modified hindu push-up (male)","chest","pectorals","triceps","triceps; shoulders; core","body weight","videos/3217-epOSYUZ.gif","107601","images/3217-epOSYUZ.jpg","true","© Gym visual — https://gymvisual.com/"
"1421","modified push up to lower arms","lower arms","forearms","triceps","triceps; chest; shoulders","body weight","videos/1421-arvaszz.gif","61819","images/1421-arvaszz.jpg","true","© Gym visual — https://gymvisual.com/"
"0628","monster walk","upper legs","glutes","hamstrings","hamstrings; quadriceps","body weight","videos/0628-O95afRA.gif","92283","images/0628-O95afRA.jpg","true","© Gym visual — https://gymvisual.com/"
"0630","mountain climber","cardio","cardiovascular system","core","core; shoulders; triceps","body weight","videos/0630-RJgzwny.gif","137047","images/0630-RJgzwny.jpg","true","© Gym visual — https://gymvisual.com/"
"0631","muscle up","back","lats","biceps","biceps; triceps; shoulders; chest","body weight","videos/0631-yJUHKTn.gif","49724","images/0631-yJUHKTn.jpg","true","© Gym visual — https://gymvisual.com/"
"1401","muscle-up (on vertical bar)","back","lats","biceps","biceps; triceps; forearms","body weight","videos/1401-Af0EW2I.gif","62014","images/1401-Af0EW2I.jpg","true","© Gym visual — https://gymvisual.com/"
"2328","narrow push-up on exercise ball","upper arms","triceps","chest","chest; shoulders","stability ball","videos/2328-4cWjYEN.gif","106637","images/2328-4cWjYEN.jpg","true","© Gym visual — https://gymvisual.com/"
"1403","neck side stretch","neck","levator scapulae","trapezius","trapezius; sternocleidomastoid","body weight","videos/1403-x2chWLO.gif","75026","images/1403-x2chWLO.jpg","true","© Gym visual — https://gymvisual.com/"
"0634","negative crunch","waist","abs","hip flexors","hip flexors","body weight","videos/0634-szIn2UK.gif","102593","images/0634-szIn2UK.jpg","true","© Gym visual — https://gymvisual.com/"
"1495","oblique crunch v. 2","waist","abs","obliques","obliques","body weight","videos/1495-cJgSTmh.gif","94002","images/1495-cJgSTmh.jpg","true","© Gym visual — https://gymvisual.com/"
"0635","oblique crunches floor","waist","abs","obliques","obliques","body weight","videos/0635-QUDd8WS.gif","86961","images/0635-QUDd8WS.jpg","true","© Gym visual — https://gymvisual.com/"
"0636","olympic barbell hammer curl","upper arms","biceps","forearms","forearms","olympic barbell","videos/0636-o1ntciW.gif","70580","images/0636-o1ntciW.jpg","true","© Gym visual — https://gymvisual.com/"
"0637","olympic barbell triceps extension","upper arms","triceps","shoulders","shoulders","olympic barbell","videos/0637-wu5LXwz.gif","89576","images/0637-wu5LXwz.jpg","true","© Gym visual — https://gymvisual.com/"
"1355","one arm against wall","back","lats","shoulders","shoulders; triceps","body weight","videos/1355-ZZTGMKh.gif","85841","images/1355-ZZTGMKh.jpg","true","© Gym visual — https://gymvisual.com/"
"0638","one arm chin-up","back","lats","biceps","biceps; forearms","body weight","videos/0638-HjdqmZa.gif","78195","images/0638-HjdqmZa.jpg","true","© Gym visual — https://gymvisual.com/"
"0639","one arm dip","upper arms","triceps","chest","chest; shoulders","body weight","videos/0639-FAoIFMw.gif","86667","images/0639-FAoIFMw.jpg","true","© Gym visual — https://gymvisual.com/"
"0640","one arm slam (with medicine ball)","waist","abs","shoulders","shoulders; back","medicine ball","videos/0640-jCrtE9b.gif","77037","images/0640-jCrtE9b.jpg","true","© Gym visual — https://gymvisual.com/"
"1773","one arm towel row","back","upper back","biceps","biceps; forearms","body weight","videos/1773-bKWbrTA.gif","77735","images/1773-bKWbrTA.jpg","true","© Gym visual — https://gymvisual.com/"
"1386","one leg donkey calf raise","lower legs","calves","hamstrings","hamstrings; glutes","body weight","videos/1386-A2upspL.gif","88991","images/1386-A2upspL.jpg","true","© Gym visual — https://gymvisual.com/"
"1387","one leg floor calf raise","lower legs","calves","ankles","ankles; feet","body weight","videos/1387-0jp9Rlz.gif","70083","images/1387-0jp9Rlz.jpg","true","© Gym visual — https://gymvisual.com/"
"1476","one leg squat","upper legs","glutes","quadriceps","quadriceps; hamstrings; calves","body weight","videos/1476-C31LMnP.gif","88011","images/1476-C31LMnP.jpg","true","© Gym visual — https://gymvisual.com/"
"0641","otis up","waist","abs","hip flexors","hip flexors; lower back","weighted","videos/0641-UVL20oz.gif","101419","images/0641-UVL20oz.jpg","true","© Gym visual — https://gymvisual.com/"
"0642","outside leg kick push-up","upper legs","glutes","quadriceps","quadriceps; hamstrings; calves","body weight","videos/0642-jNU1gFQ.gif","74290","images/0642-jNU1gFQ.jpg","true","© Gym visual — https://gymvisual.com/"
"0643","overhead triceps stretch","upper arms","triceps","shoulders","shoulders","body weight","videos/0643-Z5YStHW.gif","72740","images/0643-Z5YStHW.jpg","true","© Gym visual — https://gymvisual.com/"
"3147","pelvic tilt","waist","abs","lower back","lower back","body weight","videos/3147-NKJ8o6x.gif","83086","images/3147-NKJ8o6x.jpg","true","© Gym visual — https://gymvisual.com/"
"1422","pelvic tilt into bridge","upper legs","glutes","hamstrings","hamstrings; core","body weight","videos/1422-D9qe7CM.gif","66498","images/1422-D9qe7CM.jpg","true","© Gym visual — https://gymvisual.com/"
"1388","peroneals stretch","lower legs","calves","ankles","ankles; feet","rope","videos/1388-XhfS1DZ.gif","134662","images/1388-XhfS1DZ.jpg","true","© Gym visual — https://gymvisual.com/"
"3662","pike-to-cobra push-up","upper legs","glutes","core","core; shoulders; triceps","body weight","videos/3662-XPUDTt7.gif","135270","images/3662-XPUDTt7.jpg","true","© Gym visual — https://gymvisual.com/"
"1306","plyo push up","chest","pectorals","triceps","triceps; shoulders; core","body weight","videos/1306-Snj1wSv.gif","144910","images/1306-Snj1wSv.jpg","true","© Gym visual — https://gymvisual.com/"
"1687","posterior step to overhead reach","waist","abs","glutes","glutes; hamstrings; quadriceps; shoulders","body weight","videos/1687-ErqK3UL.gif","57025","images/1687-ErqK3UL.jpg","true","© Gym visual — https://gymvisual.com/"
"1389","posterior tibialis stretch","lower legs","calves","hamstrings","hamstrings; quadriceps","rope","videos/1389-DEEqoI2.gif","139160","images/1389-DEEqoI2.jpg","true","© Gym visual — https://gymvisual.com/"
"3119","potty squat","waist","abs","quadriceps","quadriceps; glutes","body weight","videos/3119-75Bgtjy.gif","67756","images/3119-75Bgtjy.jpg","true","© Gym visual — https://gymvisual.com/"
"3132","potty squat with support","upper legs","glutes","quadriceps","quadriceps; hamstrings; calves","body weight","videos/3132-b63ZzGe.gif","83954","images/3132-b63ZzGe.jpg","true","© Gym visual — https://gymvisual.com/"
"0648","power clean","upper legs","hamstrings","glutes","glutes; quadriceps; calves","barbell","videos/0648-SiWCcTN.gif","163761","images/0648-SiWCcTN.jpg","true","© Gym visual — https://gymvisual.com/"
"3665","power point plank","waist","abs","shoulders","shoulders; triceps; glutes","body weight","videos/3665-hCjGsRQ.gif","103255","images/3665-hCjGsRQ.jpg","true","© Gym visual — https://gymvisual.com/"
"3203","prisoner half sit-up (male)","waist","abs","hip flexors","hip flexors","body weight","videos/3203-mgejmGP.gif","69159","images/3203-mgejmGP.jpg","true","© Gym visual — https://gymvisual.com/"
"1707","prone twist on stability ball","waist","abs","obliques","obliques; lower back","stability ball","videos/1707-1IG6gVF.gif","88444","images/1707-1IG6gVF.jpg","true","© Gym visual — https://gymvisual.com/"
"0651","pull up (neutral grip)","back","lats","biceps","biceps; forearms","body weight","videos/0651-0V2YQjW.gif","120323","images/0651-0V2YQjW.jpg","true","© Gym visual — https://gymvisual.com/"
"0650","pull-in (on stability ball)","waist","abs","hip flexors","hip flexors","stability ball","videos/0650-UQr48Oi.gif","84333","images/0650-UQr48Oi.jpg","true","© Gym visual — https://gymvisual.com/"
"0652","pull-up","back","lats","biceps","biceps; forearms","body weight","videos/0652-lBDjFxJ.gif","62671","images/0652-lBDjFxJ.jpg","true","© Gym visual — https://gymvisual.com/"
"1689","push and pull bodyweight","chest","pectorals","triceps","triceps; deltoids","body weight","videos/1689-wXvUZC8.gif","68984","images/1689-wXvUZC8.jpg","true","© Gym visual — https://gymvisual.com/"
"3638","push to run","cardio","cardiovascular system","quadriceps","quadriceps; hamstrings; calves","body weight","videos/3638-PrQbjvB.gif","184881","images/3638-PrQbjvB.jpg","true","© Gym visual — https://gymvisual.com/"
"1307","push up on bosu ball","chest","pectorals","triceps","triceps; shoulders; core","bosu ball","videos/1307-wVompEp.gif","111739","images/1307-wVompEp.jpg","true","© Gym visual — https://gymvisual.com/"
"0662","push-up","chest","pectorals","triceps","triceps; deltoids; core","body weight","videos/0662-I4hDWkc.gif","87535","images/0662-I4hDWkc.jpg","true","© Gym visual — https://gymvisual.com/"
"0653","push-up (bosu ball)","chest","pectorals","triceps","triceps; shoulders; core","bosu ball","videos/0653-2kr2lWy.gif","83692","images/0653-2kr2lWy.jpg","true","© Gym visual — https://gymvisual.com/"
"0655","push-up (on stability ball)","chest","pectorals","triceps","triceps; shoulders; core","stability ball","videos/0655-Y4BRNQF.gif","113101","images/0655-Y4BRNQF.jpg","true","© Gym visual — https://gymvisual.com/"
"0656","push-up (on stability ball)","chest","pectorals","triceps","triceps; shoulders; core","stability ball","videos/0656-tgryw5Y.gif","83116","images/0656-tgryw5Y.jpg","true","© Gym visual — https://gymvisual.com/"
"0659","push-up (wall)","chest","pectorals","triceps","triceps; deltoids","body weight","videos/0659-LEH9jxP.gif","82704","images/0659-LEH9jxP.jpg","true","© Gym visual — https://gymvisual.com/"
"0658","push-up (wall) v. 2","chest","pectorals","triceps","triceps; shoulders","body weight","videos/0658-NCmbLCw.gif","85072","images/0658-NCmbLCw.jpg","true","© Gym visual — https://gymvisual.com/"
"0660","push-up close-grip off dumbbell","upper arms","triceps","chest","chest; shoulders","dumbbell","videos/0660-KZXAtKQ.gif","107849","images/0660-KZXAtKQ.jpg","true","© Gym visual — https://gymvisual.com/"
"0661","push-up inside leg kick","upper legs","glutes","quadriceps","quadriceps; hamstrings; calves; core","body weight","videos/0661-0br45wL.gif","83477","images/0661-0br45wL.jpg","true","© Gym visual — https://gymvisual.com/"
"0663","push-up medicine ball","chest","pectorals","triceps","triceps; shoulders; core","medicine ball","videos/0663-W8KAlkI.gif","128452","images/0663-W8KAlkI.jpg","true","© Gym visual — https://gymvisual.com/"
"1467","push-up on lower arms","upper arms","triceps","chest","chest; shoulders","body weight","videos/1467-4Jt8QsQ.gif","75610","images/1467-4Jt8QsQ.jpg","true","© Gym visual — https://gymvisual.com/"
"3145","push-up plus","chest","pectorals","triceps","triceps; shoulders","body weight","videos/3145-pvBMLHA.gif","103927","images/3145-pvBMLHA.jpg","true","© Gym visual — https://gymvisual.com/"
"0664","push-up to side plank","waist","abs","shoulders","shoulders; chest; triceps","body weight","videos/0664-KhHJ338.gif","106734","images/0664-KhHJ338.jpg","true","© Gym visual — https://gymvisual.com/"
"3533","quads","upper legs","quads","hamstrings","hamstrings; glutes","body weight","videos/3533-6YUfHPL.gif","82434","images/3533-6YUfHPL.jpg","true","© Gym visual — https://gymvisual.com/"
"3201","quarter sit-up","waist","abs","hip flexors","hip flexors","body weight","videos/3201-enxnJcM.gif","61840","images/3201-enxnJcM.jpg","true","© Gym visual — https://gymvisual.com/"
"3552","quick feet v. 2","upper legs","quads","calves","calves; hamstrings","body weight","videos/3552-mweqJin.gif","84175","images/3552-mweqJin.jpg","true","© Gym visual — https://gymvisual.com/"
"0666","raise single arm push-up","chest","pectorals","triceps","triceps; shoulders; core","body weight","videos/0666-13TpY4H.gif","70205","images/0666-13TpY4H.jpg","true","© Gym visual — https://gymvisual.com/"
"0668","rear decline bridge","upper legs","glutes","hamstrings","hamstrings; lower back","body weight","videos/0668-UpAlold.gif","90986","images/0668-UpAlold.jpg","true","© Gym visual — https://gymvisual.com/"
"0669","rear deltoid stretch","shoulders","delts","trapezius","trapezius; rhomboids","body weight","videos/0669-xifhB5W.gif","71516","images/0669-xifhB5W.jpg","true","© Gym visual — https://gymvisual.com/"
"0670","rear pull-up","back","lats","biceps","biceps; forearms","body weight","videos/0670-CbFSYC1.gif","77949","images/0670-CbFSYC1.jpg","true","© Gym visual — https://gymvisual.com/"
"1582","reclining big toe pose with rope","upper legs","hamstrings","calves","calves; glutes","rope","videos/1582-K5xgdvI.gif","82411","images/1582-K5xgdvI.jpg","true","© Gym visual — https://gymvisual.com/"
"3236","resistance band hip thrusts on knees (female)","upper legs","glutes","hamstrings","hamstrings; quadriceps","resistance band","videos/3236-Pjbc0Kt.gif","59836","images/3236-Pjbc0Kt.jpg","true","© Gym visual — https://gymvisual.com/"
"3007","resistance band leg extension","upper legs","quads","hamstrings","hamstrings","resistance band","videos/3007-Y1MsI1l.gif","104233","images/3007-Y1MsI1l.jpg","true","© Gym visual — https://gymvisual.com/"
"3123","resistance band seated biceps curl","upper arms","biceps","forearms","forearms","resistance band","videos/3123-XFc3vpY.gif","84254","images/3123-XFc3vpY.jpg","true","© Gym visual — https://gymvisual.com/"
"3124","resistance band seated chest press","chest","pectorals","shoulders","shoulders; triceps","resistance band","videos/3124-4x5Okof.gif","85825","images/3124-4x5Okof.jpg","true","© Gym visual — https://gymvisual.com/"
"3006","resistance band seated hip abduction","upper legs","abductors","glutes","glutes; hamstrings","resistance band","videos/3006-0xDpB4L.gif","101237","images/3006-0xDpB4L.jpg","true","© Gym visual — https://gymvisual.com/"
"3122","resistance band seated shoulder press","shoulders","delts","triceps","triceps; upper back","resistance band","videos/3122-S93zLTG.gif","76734","images/3122-S93zLTG.jpg","true","© Gym visual — https://gymvisual.com/"
"3144","resistance band seated straight back row","back","upper back","biceps","biceps; shoulders","resistance band","videos/3144-Nu7jqFE.gif","96983","images/3144-Nu7jqFE.jpg","true","© Gym visual — https://gymvisual.com/"
"0872","reverse crunch","waist","abs","hip flexors","hip flexors","body weight","videos/0872-nCU1Ekp.gif","96552","images/0872-nCU1Ekp.jpg","true","© Gym visual — https://gymvisual.com/"
"0672","reverse dip","upper arms","triceps","chest","chest; shoulders","body weight","videos/0672-NZ5Qqkz.gif","89530","images/0672-NZ5Qqkz.jpg","true","© Gym visual — https://gymvisual.com/"
"0673","reverse grip machine lat pulldown","back","lats","biceps","biceps; forearms","leverage machine","videos/0673-ecpY0rH.gif","128646","images/0673-ecpY0rH.jpg","true","© Gym visual — https://gymvisual.com/"
"0674","reverse grip pull-up","back","lats","biceps","biceps; forearms","body weight","videos/0674-YAk5dIw.gif","73357","images/0674-YAk5dIw.jpg","true","© Gym visual — https://gymvisual.com/"
"0675","reverse hyper extension (on stability ball)","upper legs","glutes","hamstrings","hamstrings; lower back","stability ball","videos/0675-vM5YS2g.gif","57909","images/0675-vM5YS2g.jpg","true","© Gym visual — https://gymvisual.com/"
"1423","reverse hyper on flat bench","upper legs","glutes","hamstrings","hamstrings; lower back","body weight","videos/1423-OrETs32.gif","70979","images/1423-OrETs32.jpg","true","© Gym visual — https://gymvisual.com/"
"3663","reverse plank with leg lift","waist","abs","glutes","glutes; hamstrings; shoulders","body weight","videos/3663-tFToB7l.gif","149079","images/3663-tFToB7l.jpg","true","© Gym visual — https://gymvisual.com/"
"0677","ring dips","upper arms","triceps","chest","chest; shoulders","body weight","videos/0677-ezTvXcr.gif","57371","images/0677-ezTvXcr.jpg","true","© Gym visual — https://gymvisual.com/"
"2571","rocking frog stretch","upper legs","glutes","hamstrings","hamstrings; quadriceps","body weight","videos/2571-2Dk4xQV.gif","72337","images/2571-2Dk4xQV.jpg","true","© Gym visual — https://gymvisual.com/"
"0678","rocky pull-up pulldown","back","lats","biceps","biceps; forearms","body weight","videos/0678-cQ19bBP.gif","74988","images/0678-cQ19bBP.jpg","true","© Gym visual — https://gymvisual.com/"
"2208","roller back stretch","back","spine","hamstrings","hamstrings; glutes","roller","videos/2208-isofgzg.gif","66942","images/2208-isofgzg.jpg","true","© Gym visual — https://gymvisual.com/"
"2204","roller body saw","waist","abs","shoulders","shoulders; triceps; core","roller","videos/2204-XeMvLgE.gif","52876","images/2204-XeMvLgE.jpg","true","© Gym visual — https://gymvisual.com/"
"2205","roller hip lat stretch","upper legs","glutes","hamstrings","hamstrings; quadriceps","roller","videos/2205-0L2KwtI.gif","67405","images/2205-0L2KwtI.jpg","true","© Gym visual — https://gymvisual.com/"
"2202","roller hip stretch","upper legs","glutes","hamstrings","hamstrings; quadriceps","roller","videos/2202-oMypNrz.gif","101281","images/2202-oMypNrz.jpg","true","© Gym visual — https://gymvisual.com/"
"2206","roller reverse crunch","waist","abs","hip flexors","hip flexors","roller","videos/2206-SKXQAx3.gif","69919","images/2206-SKXQAx3.jpg","true","© Gym visual — https://gymvisual.com/"
"2203","roller seated shoulder flexor depresor retractor","chest","pectorals","deltoids","deltoids; triceps","roller","videos/2203-8coXSYU.gif","63929","images/2203-8coXSYU.jpg","true","© Gym visual — https://gymvisual.com/"
"2209","roller seated single leg shoulder flexor depresor retractor","chest","pectorals","deltoids","deltoids; triceps","roller","videos/2209-CjETvlw.gif","66837","images/2209-CjETvlw.jpg","true","© Gym visual — https://gymvisual.com/"
"2207","roller side lat stretch","back","lats","shoulders","shoulders; triceps","roller","videos/2207-c3Pfhti.gif","77169","images/2207-c3Pfhti.jpg","true","© Gym visual — https://gymvisual.com/"
"0680","rope climb","back","upper back","forearms","forearms; biceps; shoulders","rope","videos/0680-yaAxcQr.gif","46144","images/0680-yaAxcQr.jpg","true","© Gym visual — https://gymvisual.com/"
"0685","run","cardio","cardiovascular system","quadriceps","quadriceps; hamstrings; calves","body weight","videos/0685-oLrKqDH.gif","67064","images/0685-oLrKqDH.jpg","true","© Gym visual — https://gymvisual.com/"
"0684","run (equipment)","cardio","cardiovascular system","quadriceps","quadriceps; hamstrings; calves","body weight","videos/0684-y5p0H8a.gif","82683","images/0684-y5p0H8a.jpg","true","© Gym visual — https://gymvisual.com/"
"1585","runners stretch","upper legs","hamstrings","calves","calves; quadriceps","body weight","videos/1585-0mB6wHO.gif","72789","images/1585-0mB6wHO.jpg","true","© Gym visual — https://gymvisual.com/"
"0687","russian twist","waist","abs","obliques","obliques","body weight","videos/0687-XVDdcoj.gif","152384","images/0687-XVDdcoj.jpg","true","© Gym visual — https://gymvisual.com/"
"3012","scapula dips","back","traps","rhomboids","rhomboids; deltoids","body weight","videos/3012-7xeukSt.gif","95558","images/3012-7xeukSt.jpg","true","© Gym visual — https://gymvisual.com/"
"3021","scapula push-up","chest","serratus anterior","triceps","triceps; shoulders","body weight","videos/3021-jV65tKx.gif","80720","images/3021-jV65tKx.jpg","true","© Gym visual — https://gymvisual.com/"
"0688","scapular pull-up","back","traps","biceps","biceps; rhomboids; rear deltoids","body weight","videos/0688-uTBt1HV.gif","71384","images/0688-uTBt1HV.jpg","true","© Gym visual — https://gymvisual.com/"
"3219","scissor jumps (male)","cardio","cardiovascular system","quadriceps","quadriceps; hamstrings; calves","body weight","videos/3219-Eh2v5Iu.gif","151406","images/3219-Eh2v5Iu.jpg","true","© Gym visual — https://gymvisual.com/"
"1390","seated calf stretch (male)","lower legs","calves","hamstrings","hamstrings","body weight","videos/1390-17bqEXD.gif","161588","images/1390-17bqEXD.jpg","true","© Gym visual — https://gymvisual.com/"
"1424","seated glute stretch","upper legs","glutes","hamstrings","hamstrings","body weight","videos/1424-DeDThfG.gif","121069","images/1424-DeDThfG.jpg","true","© Gym visual — https://gymvisual.com/"
"0689","seated leg raise","waist","abs","hip flexors","hip flexors","body weight","videos/0689-Hgs6Nl1.gif","103447","images/0689-Hgs6Nl1.jpg","true","© Gym visual — https://gymvisual.com/"
"0690","seated lower back stretch","back","lats","glutes","glutes; hamstrings","body weight","videos/0690-QFmz6ch.gif","81563","images/0690-QFmz6ch.jpg","true","© Gym visual — https://gymvisual.com/"
"2567","seated piriformis stretch","upper legs","glutes","hamstrings","hamstrings","body weight","videos/2567-QY39eBr.gif","132583","images/2567-QY39eBr.jpg","true","© Gym visual — https://gymvisual.com/"
"0691","seated side crunch (wall)","waist","abs","obliques","obliques","body weight","videos/0691-Y9hNPcN.gif","87902","images/0691-Y9hNPcN.jpg","true","© Gym visual — https://gymvisual.com/"
"1587","seated wide angle pose sequence","upper legs","hamstrings","quadriceps","quadriceps; calves","body weight","videos/1587-HIgYKAB.gif","96821","images/1587-HIgYKAB.jpg","true","© Gym visual — https://gymvisual.com/"
"0697","self assisted inverse leg curl","upper legs","hamstrings","glutes","glutes; calves","body weight","videos/0697-GwYwElT.gif","91358","images/0697-GwYwElT.jpg","true","© Gym visual — https://gymvisual.com/"
"1766","self assisted inverse leg curl","upper legs","hamstrings","glutes","glutes; calves","body weight","videos/1766-ZSY3MsL.gif","72395","images/1766-ZSY3MsL.jpg","true","© Gym visual — https://gymvisual.com/"
"0696","self assisted inverse leg curl (on floor)","upper legs","hamstrings","glutes","glutes; calves","body weight","videos/0696-E4PwJqI.gif","99645","images/0696-E4PwJqI.jpg","true","© Gym visual — https://gymvisual.com/"
"3222","semi squat jump (male)","cardio","cardiovascular system","quadriceps","quadriceps; hamstrings; calves","body weight","videos/3222-6FMU51h.gif","51510","images/3222-6FMU51h.jpg","true","© Gym visual — https://gymvisual.com/"
"3656","short stride run","cardio","cardiovascular system","quadriceps","quadriceps; hamstrings; calves","body weight","videos/3656-CcWEoWV.gif","137404","images/3656-CcWEoWV.jpg","true","© Gym visual — https://gymvisual.com/"
"1763","shoulder grip pull-up","back","lats","biceps","biceps; forearms","body weight","videos/1763-YtgD7Xq.gif","60120","images/1763-YtgD7Xq.jpg","true","© Gym visual — https://gymvisual.com/"
"3699","shoulder tap","waist","abs","shoulders","shoulders; triceps","body weight","videos/3699-yRpV5TC.gif","188154","images/3699-yRpV5TC.jpg","true","© Gym visual — https://gymvisual.com/"
"0699","shoulder tap push-up","chest","pectorals","triceps","triceps; core","body weight","videos/0699-qEse6fe.gif","81069","images/0699-qEse6fe.jpg","true","© Gym visual — https://gymvisual.com/"
"1774","side bridge hip abduction","upper legs","abductors","glutes","glutes; obliques","body weight","videos/1774-WL4EmxJ.gif","86646","images/1774-WL4EmxJ.jpg","true","© Gym visual — https://gymvisual.com/"
"0705","side bridge v. 2","waist","abs","obliques","obliques; glutes","body weight","videos/0705-RKjH6Lt.gif","79069","images/0705-RKjH6Lt.jpg","true","© Gym visual — https://gymvisual.com/"
"0709","side hip (on parallel bars)","waist","abs","obliques","obliques; hip flexors","body weight","videos/0709-jTkSc6o.gif","88127","images/0709-jTkSc6o.jpg","true","© Gym visual — https://gymvisual.com/"
"0710","side hip abduction","upper legs","abductors","glutes","glutes; quadriceps","body weight","videos/0710-7WaDzyL.gif","83195","images/0710-7WaDzyL.jpg","true","© Gym visual — https://gymvisual.com/"
"1358","side lying floor stretch","back","lats","obliques","obliques; glutes","body weight","videos/1358-jDOKRM5.gif","53529","images/1358-jDOKRM5.jpg","true","© Gym visual — https://gymvisual.com/"
"3667","side lying hip adduction (male)","upper legs","adductors","glutes","glutes; hamstrings","body weight","videos/3667-c8f5cSY.gif","75055","images/3667-c8f5cSY.jpg","true","© Gym visual — https://gymvisual.com/"
"1775","side plank hip adduction","upper legs","adductors","obliques","obliques; glutes","body weight","videos/1775-VO2qeJg.gif","73553","images/1775-VO2qeJg.jpg","true","© Gym visual — https://gymvisual.com/"
"0716","side push neck stretch","neck","levator scapulae","trapezius","trapezius; sternocleidomastoid","body weight","videos/0716-oQRJYkC.gif","91318","images/0716-oQRJYkC.jpg","true","© Gym visual — https://gymvisual.com/"
"0717","side push-up","upper arms","triceps","shoulders","shoulders; chest; core","body weight","videos/0717-wpbD28t.gif","74504","images/0717-wpbD28t.jpg","true","© Gym visual — https://gymvisual.com/"
"0721","side wrist pull stretch","lower arms","forearms","wrists","wrists; hands","body weight","videos/0721-UtmIqcI.gif","69235","images/0721-UtmIqcI.jpg","true","© Gym visual — https://gymvisual.com/"
"0720","side-to-side chin","back","lats","biceps","biceps; forearms","body weight","videos/0720-isAAZWA.gif","85599","images/0720-isAAZWA.jpg","true","© Gym visual — https://gymvisual.com/"
"3213","side-to-side toe touch (male)","waist","abs","obliques","obliques; hip flexors","body weight","videos/3213-WCAvOfC.gif","95855","images/3213-WCAvOfC.jpg","true","© Gym visual — https://gymvisual.com/"
"0725","single arm push-up","chest","pectorals","triceps","triceps; shoulders; core","body weight","videos/0725-MUic5zN.gif","90120","images/0725-MUic5zN.jpg","true","© Gym visual — https://gymvisual.com/"
"3645","single leg bridge with outstretched leg","upper legs","glutes","hamstrings","hamstrings; quadriceps","body weight","videos/3645-rmEukuS.gif","68770","images/3645-rmEukuS.jpg","true","© Gym visual — https://gymvisual.com/"
"0727","single leg calf raise (on a dumbbell)","lower legs","calves","ankles","ankles; feet","dumbbell","videos/0727-fKZgDEO.gif","107253","images/0727-fKZgDEO.jpg","true","© Gym visual — https://gymvisual.com/"
"0730","single leg platform slide","upper legs","hamstrings","glutes","glutes; quadriceps","body weight","videos/0730-LNE3wfo.gif","66510","images/0730-LNE3wfo.jpg","true","© Gym visual — https://gymvisual.com/"
"1759","single leg squat (pistol) male","upper legs","glutes","quadriceps","quadriceps; hamstrings; calves","body weight","videos/1759-nqs5HGV.gif","84625","images/1759-nqs5HGV.jpg","true","© Gym visual — https://gymvisual.com/"
"1489","sissy squat","upper legs","quads","calves","calves; glutes","body weight","videos/1489-xdYPUtE.gif","99377","images/1489-xdYPUtE.jpg","true","© Gym visual — https://gymvisual.com/"
"0735","sit-up v. 2","waist","abs","hip flexors","hip flexors","body weight","videos/0735-Bn6TXyO.gif","82545","images/0735-Bn6TXyO.jpg","true","© Gym visual — https://gymvisual.com/"
"3679","sit-up with arms on chest","waist","abs","hip flexors","hip flexors","body weight","videos/3679-6ZCiYWQ.gif","89579","images/3679-6ZCiYWQ.jpg","true","© Gym visual — https://gymvisual.com/"
"3361","skater hops","cardio","cardiovascular system","quadriceps","quadriceps; hamstrings; glutes; calves","body weight","videos/3361-zfNHMN9.gif","165551","images/3361-zfNHMN9.jpg","true","© Gym visual — https://gymvisual.com/"
"2142","ski ergometer","upper arms","triceps","shoulders","shoulders; forearms","skierg machine","videos/2142-vpQaQkH.gif","122880","images/2142-vpQaQkH.jpg","true","© Gym visual — https://gymvisual.com/"
"3671","ski step","cardio","cardiovascular system","quadriceps","quadriceps; hamstrings; glutes; calves","body weight","videos/3671-5MRH8H2.gif","124080","images/3671-5MRH8H2.jpg","true","© Gym visual — https://gymvisual.com/"
"3304","skin the cat","back","upper back","shoulders","shoulders; core","body weight","videos/3304-MSfvriJ.gif","105363","images/3304-MSfvriJ.jpg","true","© Gym visual — https://gymvisual.com/"
"1425","sled 45 degrees one leg press","upper legs","glutes","quadriceps","quadriceps; hamstrings; calves","sled machine","videos/1425-WWD6FzI.gif","123412","images/1425-WWD6FzI.jpg","true","© Gym visual — https://gymvisual.com/"
"0738","sled 45в° calf press","lower legs","calves","hamstrings","hamstrings","sled machine","videos/0738-qCNVnaU.gif","123273","images/0738-qCNVnaU.jpg","true","© Gym visual — https://gymvisual.com/"
"0739","sled 45в° leg press","upper legs","glutes","quadriceps","quadriceps; hamstrings; calves","sled machine","videos/0739-10Z2DXU.gif","115136","images/0739-10Z2DXU.jpg","true","© Gym visual — https://gymvisual.com/"
"1464","sled 45в° leg press (back pov)","upper legs","glutes","quadriceps","quadriceps; hamstrings; calves","sled machine","videos/1464-yn2lLSI.gif","76537","images/1464-yn2lLSI.jpg","true","© Gym visual — https://gymvisual.com/"
"1463","sled 45° leg press (side pov)","upper legs","glutes","quadriceps","quadriceps; hamstrings; calves","sled machine","videos/1463-2Qh2J1e.gif","89401","images/1463-2Qh2J1e.jpg","true","© Gym visual — https://gymvisual.com/"
"0740","sled 45в° leg wide press","upper legs","glutes","quadriceps","quadriceps; hamstrings; calves","sled machine","videos/0740-tj41Nu6.gif","119143","images/0740-tj41Nu6.jpg","true","© Gym visual — https://gymvisual.com/"
"1391","sled calf press on leg press","lower legs","calves","hamstrings","hamstrings; quadriceps","sled machine","videos/1391-ykHcWme.gif","126381","images/1391-ykHcWme.jpg","true","© Gym visual — https://gymvisual.com/"
"0741","sled closer hack squat","upper legs","glutes","quadriceps","quadriceps; hamstrings; calves","sled machine","videos/0741-gf3ZjB9.gif","116000","images/0741-gf3ZjB9.jpg","true","© Gym visual — https://gymvisual.com/"
"0742","sled forward angled calf raise","lower legs","calves","hamstrings","hamstrings; glutes","sled machine","videos/0742-XDOiFns.gif","108210","images/0742-XDOiFns.jpg","true","© Gym visual — https://gymvisual.com/"
"0743","sled hack squat","upper legs","glutes","quadriceps","quadriceps; hamstrings; calves","sled machine","videos/0743-Qa55kX1.gif","113706","images/0743-Qa55kX1.jpg","true","© Gym visual — https://gymvisual.com/"
"2334","sled lying calf press","lower legs","calves","hamstrings","hamstrings; glutes","sled machine","videos/2334-g376LuL.gif","94902","images/2334-g376LuL.jpg","true","© Gym visual — https://gymvisual.com/"
"0744","sled lying squat","upper legs","glutes","quadriceps","quadriceps; hamstrings; calves","sled machine","videos/0744-9n2149Z.gif","108495","images/0744-9n2149Z.jpg","true","© Gym visual — https://gymvisual.com/"
"1392","sled one leg calf press on leg press","lower legs","calves","hamstrings","hamstrings; glutes","sled machine","videos/1392-u0pLNgz.gif","126813","images/1392-u0pLNgz.jpg","true","© Gym visual — https://gymvisual.com/"
"1496","sledge hammer","waist","abs","forearms","forearms; shoulders","hammer","videos/1496-REXmfVC.gif","109165","images/1496-REXmfVC.jpg","true","© Gym visual — https://gymvisual.com/"
"0746","smith back shrug","back","traps","shoulders","shoulders","smith machine","videos/0746-MzNnwx9.gif","110365","images/0746-MzNnwx9.jpg","true","© Gym visual — https://gymvisual.com/"
"0747","smith behind neck press","shoulders","delts","triceps","triceps; upper back","smith machine","videos/0747-Gpn4ADc.gif","126909","images/0747-Gpn4ADc.jpg","true","© Gym visual — https://gymvisual.com/"
"0748","smith bench press","chest","pectorals","triceps","triceps; shoulders","smith machine","videos/0748-trqKQv2.gif","110639","images/0748-trqKQv2.jpg","true","© Gym visual — https://gymvisual.com/"
"0749","smith bent knee good morning","upper legs","glutes","hamstrings","hamstrings; lower back","smith machine","videos/0749-1bQkKZK.gif","103725","images/0749-1bQkKZK.jpg","true","© Gym visual — https://gymvisual.com/"
"1359","smith bent over row","back","upper back","biceps","biceps; forearms","smith machine","videos/1359-ZX9UZmj.gif","109739","images/1359-ZX9UZmj.jpg","true","© Gym visual — https://gymvisual.com/"
"0750","smith chair squat","upper legs","quads","glutes","glutes; hamstrings; calves","smith machine","videos/0750-Gu2rNJd.gif","107478","images/0750-Gu2rNJd.jpg","true","© Gym visual — https://gymvisual.com/"
"0751","smith close-grip bench press","upper arms","triceps","chest","chest; shoulders","smith machine","videos/0751-WcHl7ru.gif","117093","images/0751-WcHl7ru.jpg","true","© Gym visual — https://gymvisual.com/"
"0752","smith deadlift","upper legs","glutes","hamstrings","hamstrings; quadriceps; lower back","smith machine","videos/0752-UfePqpx.gif","104352","images/0752-UfePqpx.jpg","true","© Gym visual — https://gymvisual.com/"
"0753","smith decline bench press","chest","pectorals","triceps","triceps; shoulders","smith machine","videos/0753-ETZfAbZ.gif","103129","images/0753-ETZfAbZ.jpg","true","© Gym visual — https://gymvisual.com/"
"0754","smith decline reverse-grip press","chest","pectorals","triceps","triceps; shoulders","smith machine","videos/0754-MY9P1WA.gif","103094","images/0754-MY9P1WA.jpg","true","© Gym visual — https://gymvisual.com/"
"1433","smith front squat (clean grip)","upper legs","glutes","quadriceps","quadriceps; hamstrings; calves; core","smith machine","videos/1433-lFhb2Rw.gif","106121","images/1433-lFhb2Rw.jpg","true","© Gym visual — https://gymvisual.com/"
"3281","smith full squat","upper legs","glutes","quadriceps","quadriceps; hamstrings; calves","smith machine","videos/3281-NNoHCEA.gif","111793","images/3281-NNoHCEA.jpg","true","© Gym visual — https://gymvisual.com/"
"0755","smith hack squat","upper legs","glutes","quadriceps","quadriceps; hamstrings; calves","smith machine","videos/0755-ZuPXtCK.gif","103651","images/0755-ZuPXtCK.jpg","true","© Gym visual — https://gymvisual.com/"
"0756","smith hip raise","waist","abs","glutes","glutes; hamstrings","smith machine","videos/0756-CqhoytW.gif","107504","images/0756-CqhoytW.jpg","true","© Gym visual — https://gymvisual.com/"
"0757","smith incline bench press","chest","pectorals","shoulders","shoulders; triceps","smith machine","videos/0757-5v7KYld.gif","121981","images/0757-5v7KYld.jpg","true","© Gym visual — https://gymvisual.com/"
"0758","smith incline reverse-grip press","chest","pectorals","triceps","triceps; shoulders","smith machine","videos/0758-78VqWQK.gif","114235","images/0758-78VqWQK.jpg","true","© Gym visual — https://gymvisual.com/"
"0759","smith incline shoulder raises","chest","serratus anterior","deltoids","deltoids; trapezius","smith machine","videos/0759-ayAHcEm.gif","124858","images/0759-ayAHcEm.jpg","true","© Gym visual — https://gymvisual.com/"
"0760","smith leg press","upper legs","glutes","quadriceps","quadriceps; hamstrings; calves","smith machine","videos/0760-7zdxRTl.gif","96249","images/0760-7zdxRTl.jpg","true","© Gym visual — https://gymvisual.com/"
"1434","smith low bar squat","upper legs","glutes","quadriceps","quadriceps; hamstrings; calves","smith machine","videos/1434-RGLscZM.gif","108007","images/1434-RGLscZM.jpg","true","© Gym visual — https://gymvisual.com/"
"1683","smith machine bicep curl","upper arms","biceps","forearms","forearms","smith machine","videos/1683-zILLZ98.gif","116408","images/1683-zILLZ98.jpg","true","© Gym visual — https://gymvisual.com/"
"1625","smith machine decline close grip bench press","upper arms","triceps","chest","chest; shoulders","smith machine","videos/1625-yB9SvIF.gif","108201","images/1625-yB9SvIF.jpg","true","© Gym visual — https://gymvisual.com/"
"1752","smith machine incline tricep extension","upper arms","triceps","shoulders","shoulders","smith machine","videos/1752-o8aOcrz.gif","126950","images/1752-o8aOcrz.jpg","true","© Gym visual — https://gymvisual.com/"
"1626","smith machine reverse decline close grip bench press","chest","pectorals","triceps","triceps; shoulders","smith machine","videos/1626-QyO6Uma.gif","107724","images/1626-QyO6Uma.jpg","true","© Gym visual — https://gymvisual.com/"
"0761","smith narrow row","back","upper back","biceps","biceps; rear deltoids","smith machine","videos/0761-JGKowMS.gif","113169","images/0761-JGKowMS.jpg","true","© Gym visual — https://gymvisual.com/"
"1360","smith one arm row","back","upper back","biceps","biceps; forearms","smith machine","videos/1360-Q4DSJPC.gif","111326","images/1360-Q4DSJPC.jpg","true","© Gym visual — https://gymvisual.com/"
"1393","smith one leg floor calf raise","lower legs","calves","hamstrings","hamstrings; glutes","smith machine","videos/1393-9GXrTE6.gif","112565","images/1393-9GXrTE6.jpg","true","© Gym visual — https://gymvisual.com/"
"0762","smith rear delt row","shoulders","delts","trapezius","trapezius; rhomboids; biceps","smith machine","videos/0762-nFUwqG6.gif","107372","images/0762-nFUwqG6.jpg","true","© Gym visual — https://gymvisual.com/"
"0763","smith reverse calf raises","lower legs","calves","hamstrings","hamstrings","smith machine","videos/0763-ywaNfuh.gif","112475","images/0763-ywaNfuh.jpg","true","© Gym visual — https://gymvisual.com/"
"1394","smith reverse calf raises","lower legs","calves","hamstrings","hamstrings","smith machine","videos/1394-Lsqrgh4.gif","114463","images/1394-Lsqrgh4.jpg","true","© Gym visual — https://gymvisual.com/"
"1361","smith reverse grip bent over row","back","upper back","biceps","biceps; forearms","smith machine","videos/1361-aaxA3cm.gif","107035","images/1361-aaxA3cm.jpg","true","© Gym visual — https://gymvisual.com/"
"0764","smith reverse-grip press","chest","pectorals","triceps","triceps; shoulders","smith machine","videos/0764-zK8Fu1W.gif","110957","images/0764-zK8Fu1W.jpg","true","© Gym visual — https://gymvisual.com/"
"1395","smith seated one leg calf raise","lower legs","calves","hamstrings","hamstrings","smith machine","videos/1395-0S75mYG.gif","114861","images/1395-0S75mYG.jpg","true","© Gym visual — https://gymvisual.com/"
"0765","smith seated shoulder press","shoulders","delts","triceps","triceps; upper back","smith machine","videos/0765-xUwnBMT.gif","130325","images/0765-xUwnBMT.jpg","true","© Gym visual — https://gymvisual.com/"
"1426","smith seated wrist curl","lower arms","forearms","biceps","biceps; brachialis","smith machine","videos/1426-B6dAO1t.gif","110923","images/1426-B6dAO1t.jpg","true","© Gym visual — https://gymvisual.com/"
"0766","smith shoulder press","shoulders","delts","triceps","triceps; upper back","smith machine","videos/0766-903mzG8.gif","125303","images/0766-903mzG8.jpg","true","© Gym visual — https://gymvisual.com/"
"0767","smith shrug","back","traps","shoulders","shoulders","smith machine","videos/0767-OUQ0ZyW.gif","106586","images/0767-OUQ0ZyW.jpg","true","© Gym visual — https://gymvisual.com/"
"0768","smith single leg split squat","upper legs","quads","glutes","glutes; hamstrings","smith machine","videos/0768-wWFspEi.gif","129281","images/0768-wWFspEi.jpg","true","© Gym visual — https://gymvisual.com/"
"0769","smith sprint lunge","upper legs","glutes","quadriceps","quadriceps; hamstrings; calves","smith machine","videos/0769-HsjbB1z.gif","111483","images/0769-HsjbB1z.jpg","true","© Gym visual — https://gymvisual.com/"
"0770","smith squat","upper legs","glutes","quadriceps","quadriceps; hamstrings; calves","smith machine","videos/0770-jFtipLl.gif","108073","images/0770-jFtipLl.jpg","true","© Gym visual — https://gymvisual.com/"
"0771","smith standing back wrist curl","lower arms","forearms","biceps","biceps; triceps","smith machine","videos/0771-hfmQ0Tz.gif","105275","images/0771-hfmQ0Tz.jpg","true","© Gym visual — https://gymvisual.com/"
"0772","smith standing behind head military press","shoulders","delts","triceps","triceps; upper back","smith machine","videos/0772-ht8xDrP.gif","116403","images/0772-ht8xDrP.jpg","true","© Gym visual — https://gymvisual.com/"
"0773","smith standing leg calf raise","lower legs","calves","hamstrings","hamstrings; glutes","smith machine","videos/0773-6MaEjVA.gif","108077","images/0773-6MaEjVA.jpg","true","© Gym visual — https://gymvisual.com/"
"0774","smith standing military press","shoulders","delts","triceps","triceps; upper back","smith machine","videos/0774-jjUPrze.gif","113044","images/0774-jjUPrze.jpg","true","© Gym visual — https://gymvisual.com/"
"3142","smith sumo squat","upper legs","glutes","quadriceps","quadriceps; hamstrings; calves","smith machine","videos/3142-dzz6BiV.gif","113760","images/3142-dzz6BiV.jpg","true","© Gym visual — https://gymvisual.com/"
"1396","smith toe raise","lower legs","calves","ankles","ankles; shins","smith machine","videos/1396-Y4QlY8z.gif","114885","images/1396-Y4QlY8z.jpg","true","© Gym visual — https://gymvisual.com/"
"0775","smith upright row","shoulders","delts","traps","traps; biceps","smith machine","videos/0775-1DN3iz4.gif","112169","images/0775-1DN3iz4.jpg","true","© Gym visual — https://gymvisual.com/"
"1308","smith wide grip bench press","chest","pectorals","triceps","triceps; shoulders","smith machine","videos/1308-zoOvPcx.gif","99548","images/1308-zoOvPcx.jpg","true","© Gym visual — https://gymvisual.com/"
"1309","smith wide grip decline bench press","chest","pectorals","triceps","triceps; shoulders","smith machine","videos/1309-wi2H9QX.gif","103069","images/1309-wi2H9QX.jpg","true","© Gym visual — https://gymvisual.com/"
"0776","snatch pull","upper legs","quads","hamstrings","hamstrings; glutes; calves","barbell","videos/0776-dG5Smob.gif","139900","images/0776-dG5Smob.jpg","true","© Gym visual — https://gymvisual.com/"
"0777","spell caster","waist","abs","obliques","obliques; lower back","dumbbell","videos/0777-p9cCe2r.gif","83869","images/0777-p9cCe2r.jpg","true","© Gym visual — https://gymvisual.com/"
"1362","sphinx","back","spine","glutes","glutes; hamstrings","body weight","videos/1362-DIVyqrU.gif","54820","images/1362-DIVyqrU.jpg","true","© Gym visual — https://gymvisual.com/"
"0778","spider crawl push up","upper legs","glutes","core","core; chest; shoulders","body weight","videos/0778-P9GFBME.gif","51687","images/0778-P9GFBME.jpg","true","© Gym visual — https://gymvisual.com/"
"1363","spine stretch","back","spine","hamstrings","hamstrings; glutes","body weight","videos/1363-JbC2iaV.gif","119336","images/1363-JbC2iaV.jpg","true","© Gym visual — https://gymvisual.com/"
"2329","spine twist","waist","abs","obliques","obliques; lower back","body weight","videos/2329-2jl9K55.gif","104834","images/2329-2jl9K55.jpg","true","© Gym visual — https://gymvisual.com/"
"2368","split squats","upper legs","quads","glutes","glutes; hamstrings; calves","body weight","videos/2368-9E25EOx.gif","79451","images/2368-9E25EOx.jpg","true","© Gym visual — https://gymvisual.com/"
"0786","squat jerk","upper legs","quads","glutes","glutes; hamstrings; calves; core","barbell","videos/0786-IMRsOCn.gif","191471","images/0786-IMRsOCn.jpg","true","© Gym visual — https://gymvisual.com/"
"1705","squat on bosu ball","upper legs","quads","glutes","glutes; hamstrings; calves","bosu ball","videos/1705-T2fA5Ir.gif","70264","images/1705-T2fA5Ir.jpg","true","© Gym visual — https://gymvisual.com/"
"1685","squat to overhead reach","upper legs","quads","glutes","glutes; hamstrings; core","body weight","videos/1685-QChZi3x.gif","55394","images/1685-QChZi3x.jpg","true","© Gym visual — https://gymvisual.com/"
"1686","squat to overhead reach with twist","upper legs","quads","glutes","glutes; hamstrings; core","body weight","videos/1686-5BZHW9s.gif","52772","images/1686-5BZHW9s.jpg","true","© Gym visual — https://gymvisual.com/"
"2297","stability ball crunch (full range hands behind head)","waist","abs","hip flexors","hip flexors","stability ball","videos/2297-Gn5FwYT.gif","111026","images/2297-Gn5FwYT.jpg","true","© Gym visual — https://gymvisual.com/"
"3291","stalder press","upper arms","triceps","shoulders","shoulders; core","body weight","videos/3291-zd4P4B2.gif","58020","images/3291-zd4P4B2.jpg","true","© Gym visual — https://gymvisual.com/"
"3669","standing archer","back","upper back","shoulders","shoulders; biceps; forearms","body weight","videos/3669-JF8AkMX.gif","102609","images/3669-JF8AkMX.jpg","true","© Gym visual — https://gymvisual.com/"
"0788","standing behind neck press","shoulders","delts","triceps","triceps; upper back","barbell","videos/0788-xDh0lJr.gif","76701","images/0788-xDh0lJr.jpg","true","© Gym visual — https://gymvisual.com/"
"1490","standing calf raise (on a staircase)","lower legs","calves","ankles","ankles; feet","body weight","videos/1490-6HmFgmx.gif","71930","images/1490-6HmFgmx.jpg","true","© Gym visual — https://gymvisual.com/"
"1397","standing calves","lower legs","calves","hamstrings","hamstrings; glutes","body weight","videos/1397-XIHEoCG.gif","80167","images/1397-XIHEoCG.jpg","true","© Gym visual — https://gymvisual.com/"
"1398","standing calves calf stretch","lower legs","calves","hamstrings","hamstrings; glutes","body weight","videos/1398-qOKcgVP.gif","129689","images/1398-qOKcgVP.jpg","true","© Gym visual — https://gymvisual.com/"
"1599","standing hamstring and calf stretch with strap","upper legs","hamstrings","calves","calves","rope","videos/1599-xTjr103.gif","90502","images/1599-xTjr103.jpg","true","© Gym visual — https://gymvisual.com/"
"0794","standing lateral stretch","back","lats","shoulders","shoulders; obliques","body weight","videos/0794-1jXLYEw.gif","77783","images/0794-1jXLYEw.jpg","true","© Gym visual — https://gymvisual.com/"
"1364","standing pelvic tilt","back","spine","abdominals","abdominals","body weight","videos/1364-cuKYxhu.gif","72271","images/1364-cuKYxhu.jpg","true","© Gym visual — https://gymvisual.com/"
"0795","standing single leg curl","upper legs","hamstrings","glutes","glutes","body weight","videos/0795-C5jncD2.gif","65093","images/0795-C5jncD2.jpg","true","© Gym visual — https://gymvisual.com/"
"0796","standing wheel rollerout","waist","abs","lower back","lower back; shoulders","wheel roller","videos/0796-KtRomty.gif","68486","images/0796-KtRomty.jpg","true","© Gym visual — https://gymvisual.com/"
"3223","star jump (male)","cardio","cardiovascular system","quadriceps","quadriceps; hamstrings; calves","body weight","videos/3223-HtfCpfi.gif","121437","images/3223-HtfCpfi.jpg","true","© Gym visual — https://gymvisual.com/"
"2138","stationary bike run v. 3","cardio","cardiovascular system","quadriceps","quadriceps; hamstrings; calves","stationary bike","videos/2138-H1PESYI.gif","99975","images/2138-H1PESYI.jpg","true","© Gym visual — https://gymvisual.com/"
"0798","stationary bike walk","cardio","cardiovascular system","quadriceps","quadriceps; hamstrings; calves","leverage machine","videos/0798-a8VDgLw.gif","73231","images/0798-a8VDgLw.jpg","true","© Gym visual — https://gymvisual.com/"
"3314","straddle maltese","waist","abs","shoulders","shoulders; chest","body weight","videos/3314-HfqciZF.gif","59468","images/3314-HfqciZF.jpg","true","© Gym visual — https://gymvisual.com/"
"3298","straddle planche","waist","abs","shoulders","shoulders; triceps; chest","body weight","videos/3298-BL3GHeY.gif","60849","images/3298-BL3GHeY.jpg","true","© Gym visual — https://gymvisual.com/"
"1427","straight leg outer hip abductor","upper legs","abductors","glutes","glutes; hamstrings","body weight","videos/1427-mQ1tBXn.gif","102875","images/1427-mQ1tBXn.jpg","true","© Gym visual — https://gymvisual.com/"
"0803","superman push-up","chest","pectorals","core","core; shoulders","body weight","videos/0803-4GqRrAk.gif","46875","images/0803-4GqRrAk.jpg","true","© Gym visual — https://gymvisual.com/"
"0805","suspended abdominal fallout","waist","abs","obliques","obliques; hip flexors","body weight","videos/0805-X3TCNEU.gif","92343","images/0805-X3TCNEU.jpg","true","© Gym visual — https://gymvisual.com/"
"0806","suspended push-up","chest","pectorals","triceps","triceps; shoulders; core","body weight","videos/0806-IaGQCrC.gif","111930","images/0806-IaGQCrC.jpg","true","© Gym visual — https://gymvisual.com/"
"0807","suspended reverse crunch","waist","abs","hip flexors","hip flexors","body weight","videos/0807-R1WYG5D.gif","84235","images/0807-R1WYG5D.jpg","true","© Gym visual — https://gymvisual.com/"
"0808","suspended row","back","upper back","biceps","biceps; shoulders","body weight","videos/0808-4OaumBr.gif","100091","images/0808-4OaumBr.jpg","true","© Gym visual — https://gymvisual.com/"
"0809","suspended split squat","upper legs","quads","glutes","glutes; hamstrings; calves","body weight","videos/0809-QpXqiq8.gif","84983","images/0809-QpXqiq8.jpg","true","© Gym visual — https://gymvisual.com/"
"3433","swimmer kicks v. 2 (male)","upper legs","glutes","hamstrings","hamstrings; quadriceps; calves","body weight","videos/3433-SP3hUez.gif","97616","images/3433-SP3hUez.jpg","true","© Gym visual — https://gymvisual.com/"
"3318","swing 360","cardio","cardiovascular system","shoulders","shoulders; core","body weight","videos/3318-tnaj0mT.gif","88708","images/3318-tnaj0mT.jpg","true","© Gym visual — https://gymvisual.com/"
"1753","three bench dip","upper arms","triceps","chest","chest; shoulders","body weight","videos/1753-DQ0cqkT.gif","80041","images/1753-DQ0cqkT.jpg","true","© Gym visual — https://gymvisual.com/"
"2459","tire flip","upper legs","glutes","hamstrings","hamstrings; quadriceps; core","tire","videos/2459-oZjMu1t.gif","147414","images/2459-oZjMu1t.jpg","true","© Gym visual — https://gymvisual.com/"
"0811","trap bar deadlift","upper legs","glutes","hamstrings","hamstrings; quadriceps; lower back","trap bar","videos/0811-jQGwmxN.gif","94940","images/0811-jQGwmxN.jpg","true","© Gym visual — https://gymvisual.com/"
"0814","triceps dip","upper arms","triceps","chest","chest; shoulders","body weight","videos/0814-X6C6i5Y.gif","90339","images/0814-X6C6i5Y.jpg","true","© Gym visual — https://gymvisual.com/"
"0812","triceps dip (bench leg)","upper arms","triceps","chest","chest; shoulders","body weight","videos/0812-VuoerH0.gif","89341","images/0812-VuoerH0.jpg","true","© Gym visual — https://gymvisual.com/"
"0813","triceps dip (between benches)","upper arms","triceps","chest","chest; shoulders","body weight","videos/0813-Wgbn9qo.gif","91015","images/0813-Wgbn9qo.jpg","true","© Gym visual — https://gymvisual.com/"
"0815","triceps dips floor","upper arms","triceps","chest","chest; shoulders","body weight","videos/0815-7aVz15j.gif","115621","images/0815-7aVz15j.jpg","true","© Gym visual — https://gymvisual.com/"
"0816","triceps press","upper arms","triceps","shoulders","shoulders","body weight","videos/0816-fSrPP6B.gif","102955","images/0816-fSrPP6B.jpg","true","© Gym visual — https://gymvisual.com/"
"0817","triceps stretch","upper arms","triceps","shoulders","shoulders","body weight","videos/0817-uOV3Itw.gif","73004","images/0817-uOV3Itw.jpg","true","© Gym visual — https://gymvisual.com/"
"0871","tuck crunch","waist","abs","hip flexors","hip flexors","body weight","videos/0871-BMMolZ3.gif","102555","images/0871-BMMolZ3.jpg","true","© Gym visual — https://gymvisual.com/"
"0818","twin handle parallel grip lat pulldown","back","lats","biceps","biceps; rhomboids; rear deltoids","cable","videos/0818-rkg41Fb.gif","120230","images/0818-rkg41Fb.jpg","true","© Gym visual — https://gymvisual.com/"
"1466","twist hip lift","upper legs","glutes","obliques","obliques; hamstrings","body weight","videos/1466-AX1kB0o.gif","67909","images/1466-AX1kB0o.jpg","true","© Gym visual — https://gymvisual.com/"
"2802","twisted leg raise","waist","abs","obliques","obliques; hip flexors","body weight","videos/2802-C0eCeEt.gif","116044","images/2802-C0eCeEt.jpg","true","© Gym visual — https://gymvisual.com/"
"2801","twisted leg raise (female)","waist","abs","obliques","obliques; hip flexors","body weight","videos/2801-yT9tk17.gif","117398","images/2801-yT9tk17.jpg","true","© Gym visual — https://gymvisual.com/"
"3231","two toe touch (male)","back","spine","hamstrings","hamstrings; glutes","body weight","videos/3231-p195zsJ.gif","130687","images/3231-p195zsJ.jpg","true","© Gym visual — https://gymvisual.com/"
"1365","upper back stretch","back","upper back","shoulders","shoulders","body weight","videos/1365-GSDioYu.gif","70887","images/1365-GSDioYu.jpg","true","© Gym visual — https://gymvisual.com/"
"1366","upward facing dog","back","spine","shoulders","shoulders; chest","body weight","videos/1366-01qpYSe.gif","67084","images/1366-01qpYSe.jpg","true","© Gym visual — https://gymvisual.com/"
"3420","v-sit on floor","waist","abs","hip flexors","hip flexors","body weight","videos/3420-ZuXu4Eq.gif","102622","images/3420-ZuXu4Eq.jpg","true","© Gym visual — https://gymvisual.com/"
"0826","vertical leg raise (on parallel bars)","waist","abs","hip flexors","hip flexors","body weight","videos/0826-ZNgOYQU.gif","100677","images/0826-ZNgOYQU.jpg","true","© Gym visual — https://gymvisual.com/"
"2141","walk elliptical cross trainer","cardio","cardiovascular system","quadriceps","quadriceps; hamstrings; glutes; calves","elliptical machine","videos/2141-rjtuP6X.gif","115045","images/2141-rjtuP6X.jpg","true","© Gym visual — https://gymvisual.com/"
"3655","walking high knees lunge","cardio","cardiovascular system","quadriceps","quadriceps; hamstrings; glutes; calves","body weight","videos/3655-J9zIWig.gif","107432","images/3655-J9zIWig.jpg","true","© Gym visual — https://gymvisual.com/"
"1460","walking lunge","upper legs","glutes","quadriceps","quadriceps; hamstrings; calves","body weight","videos/1460-IZVHb27.gif","125502","images/1460-IZVHb27.jpg","true","© Gym visual — https://gymvisual.com/"
"3666","walking on incline treadmill","cardio","cardiovascular system","quadriceps","quadriceps; hamstrings; calves","leverage machine","videos/3666-rjiM4L3.gif","199540","images/3666-rjiM4L3.jpg","true","© Gym visual — https://gymvisual.com/"
"2311","walking on stepmill","cardio","cardiovascular system","quadriceps","quadriceps; hamstrings; glutes; calves","stepmill machine","videos/2311-j9Q5crt.gif","91245","images/2311-j9Q5crt.jpg","true","© Gym visual — https://gymvisual.com/"
"0830","weighted bench dip","upper arms","triceps","chest","chest; shoulders","weighted","videos/0830-MU9HnE7.gif","95680","images/0830-MU9HnE7.jpg","true","© Gym visual — https://gymvisual.com/"
"2987","weighted close grip chin-up on dip cage","back","lats","biceps","biceps; forearms","weighted","videos/2987-Gk1r408.gif","75846","images/2987-Gk1r408.jpg","true","© Gym visual — https://gymvisual.com/"
"3643","weighted cossack squats (male)","upper legs","glutes","quadriceps","quadriceps; hamstrings; calves","weighted","videos/3643-GWoKnIm.gif","107040","images/3643-GWoKnIm.jpg","true","© Gym visual — https://gymvisual.com/"
"0832","weighted crunch","waist","abs","obliques","obliques","weighted","videos/0832-s8nrDXF.gif","118480","images/0832-s8nrDXF.jpg","true","© Gym visual — https://gymvisual.com/"
"3670","weighted decline sit-up","waist","abs","hip flexors","hip flexors; lower back","weighted","videos/3670-EZeDVzO.gif","74877","images/3670-EZeDVzO.jpg","true","© Gym visual — https://gymvisual.com/"
"0833","weighted donkey calf raise","lower legs","calves","hamstrings","hamstrings; glutes","weighted","videos/0833-LmaFNZS.gif","110136","images/0833-LmaFNZS.jpg","true","© Gym visual — https://gymvisual.com/"
"1310","weighted drop push up","chest","pectorals","triceps","triceps; shoulders","weighted","videos/1310-PSlvNMs.gif","164744","images/1310-PSlvNMs.jpg","true","© Gym visual — https://gymvisual.com/"
"2135","weighted front plank","waist","abs","shoulders","shoulders; lower back","weighted","videos/2135-VBAWRPG.gif","60691","images/2135-VBAWRPG.jpg","true","© Gym visual — https://gymvisual.com/"
"0834","weighted front raise","shoulders","delts","biceps","biceps; forearms","weighted","videos/0834-e4aFmFY.gif","82009","images/0834-e4aFmFY.jpg","true","© Gym visual — https://gymvisual.com/"
"0866","weighted hanging leg-hip raise","waist","abs","hip flexors","hip flexors; lower back","weighted","videos/0866-QOA0FD0.gif","70969","images/0866-QOA0FD0.jpg","true","© Gym visual — https://gymvisual.com/"
"0835","weighted hyperextension (on stability ball)","back","spine","glutes","glutes; hamstrings","weighted","videos/0835-8urJS9b.gif","89796","images/0835-8urJS9b.jpg","true","© Gym visual — https://gymvisual.com/"
"3641","weighted kneeling step with swing","shoulders","delts","triceps","triceps; core","weighted","videos/3641-7uFJuXp.gif","162713","images/3641-7uFJuXp.jpg","true","© Gym visual — https://gymvisual.com/"
"3644","weighted lunge with swing","upper legs","glutes","quadriceps","quadriceps; hamstrings; calves","weighted","videos/3644-5WiFcYk.gif","183175","images/3644-5WiFcYk.jpg","true","© Gym visual — https://gymvisual.com/"
"3286","weighted muscle up","back","lats","biceps","biceps; triceps; shoulders; chest","weighted","videos/3286-JsOV1SU.gif","51655","images/3286-JsOV1SU.jpg","true","© Gym visual — https://gymvisual.com/"
"3312","weighted muscle up (on bar)","back","lats","biceps","biceps; triceps; shoulders; forearms","weighted","videos/3312-MCkqdKE.gif","65135","images/3312-MCkqdKE.jpg","true","© Gym visual — https://gymvisual.com/"
"3290","weighted one hand pull up","back","lats","biceps","biceps; forearms","weighted","videos/3290-fXfqg1E.gif","84284","images/3290-fXfqg1E.jpg","true","© Gym visual — https://gymvisual.com/"
"0840","weighted overhead crunch (on stability ball)","waist","abs","obliques","obliques; lower back","weighted","videos/0840-xmM75XG.gif","136442","images/0840-xmM75XG.jpg","true","© Gym visual — https://gymvisual.com/"
"0841","weighted pull-up","back","lats","biceps","biceps; forearms","weighted","videos/0841-HMzLjXx.gif","128567","images/0841-HMzLjXx.jpg","true","© Gym visual — https://gymvisual.com/"
"0844","weighted round arm","shoulders","delts","triceps","triceps; upper back","weighted","videos/0844-VLYXo8S.gif","82317","images/0844-VLYXo8S.jpg","true","© Gym visual — https://gymvisual.com/"
"0846","weighted russian twist","waist","abs","obliques","obliques; lower back","weighted","videos/0846-fZFZ704.gif","53333","images/0846-fZFZ704.jpg","true","© Gym visual — https://gymvisual.com/"
"0845","weighted russian twist (legs up)","waist","abs","obliques","obliques; hip flexors","weighted","videos/0845-WU9BLIs.gif","89905","images/0845-WU9BLIs.jpg","true","© Gym visual — https://gymvisual.com/"
"2371","weighted russian twist v. 2","waist","abs","obliques","obliques; lower back","weighted","videos/2371-YIUAtYf.gif","132515","images/2371-YIUAtYf.jpg","true","© Gym visual — https://gymvisual.com/"
"0847","weighted seated bicep curl (on stability ball)","upper arms","biceps","forearms","forearms","medicine ball","videos/0847-b4b6afT.gif","97638","images/0847-b4b6afT.jpg","true","© Gym visual — https://gymvisual.com/"
"0849","weighted seated twist (on stability ball)","waist","abs","obliques","obliques; lower back","weighted","videos/0849-s34Y4LR.gif","110370","images/0849-s34Y4LR.jpg","true","© Gym visual — https://gymvisual.com/"
"0850","weighted side bend (on stability ball)","waist","abs","obliques","obliques; lower back","weighted","videos/0850-6bOA1Oi.gif","103673","images/0850-6bOA1Oi.jpg","true","© Gym visual — https://gymvisual.com/"
"0851","weighted sissy squat","upper legs","quads","glutes","glutes; hamstrings; calves","weighted","videos/0851-0lQnxMZ.gif","95815","images/0851-0lQnxMZ.jpg","true","© Gym visual — https://gymvisual.com/"
"0852","weighted squat","upper legs","glutes","quadriceps","quadriceps; hamstrings; calves","weighted","videos/0852-JZuApnB.gif","77188","images/0852-JZuApnB.jpg","true","© Gym visual — https://gymvisual.com/"
"0853","weighted standing curl","upper arms","biceps","forearms","forearms","weighted","videos/0853-M5Y7GPg.gif","70809","images/0853-M5Y7GPg.jpg","true","© Gym visual — https://gymvisual.com/"
"0854","weighted standing hand squeeze","lower arms","forearms","biceps","biceps; triceps","weighted","videos/0854-bjqbauy.gif","79658","images/0854-bjqbauy.jpg","true","© Gym visual — https://gymvisual.com/"
"3313","weighted straight bar dip","chest","pectorals","triceps","triceps; shoulders","weighted","videos/3313-Ff18ItA.gif","69957","images/3313-Ff18ItA.jpg","true","© Gym visual — https://gymvisual.com/"
"3642","weighted stretch lunge","upper legs","glutes","quadriceps","quadriceps; hamstrings; calves","weighted","videos/3642-13VW2VO.gif","101699","images/3642-13VW2VO.jpg","true","© Gym visual — https://gymvisual.com/"
"0856","weighted svend press","chest","pectorals","shoulders","shoulders; triceps","weighted","videos/0856-I1OBLnn.gif","72482","images/0856-I1OBLnn.jpg","true","© Gym visual — https://gymvisual.com/"
"1754","weighted three bench dips","upper arms","triceps","chest","chest; shoulders","weighted","videos/1754-gtO1ErP.gif","75963","images/1754-gtO1ErP.jpg","true","© Gym visual — https://gymvisual.com/"
"1755","weighted tricep dips","upper arms","triceps","chest","chest; shoulders","weighted","videos/1755-bZq4bwK.gif","91485","images/1755-bZq4bwK.jpg","true","© Gym visual — https://gymvisual.com/"
"1767","weighted triceps dip on high parallel bars","upper arms","triceps","chest","chest; shoulders","weighted","videos/1767-K1vlode.gif","78483","images/1767-K1vlode.jpg","true","© Gym visual — https://gymvisual.com/"
"0857","wheel rollerout","waist","abs","lower back","lower back","wheel roller","videos/0857-NAgVB3t.gif","56454","images/0857-NAgVB3t.jpg","true","© Gym visual — https://gymvisual.com/"
"3637","wheel run","cardio","cardiovascular system","quadriceps","quadriceps; hamstrings; calves","body weight","videos/3637-km2Ljzj.gif","204432","images/3637-km2Ljzj.jpg","true","© Gym visual — https://gymvisual.com/"
"1429","wide grip pull-up","back","lats","biceps","biceps; forearms","body weight","videos/1429-Qqi7bko.gif","66372","images/1429-Qqi7bko.jpg","true","© Gym visual — https://gymvisual.com/"
"1367","wide grip rear pull-up","back","lats","biceps","biceps; forearms","body weight","videos/1367-OYFhXVD.gif","63062","images/1367-OYFhXVD.jpg","true","© Gym visual — https://gymvisual.com/"
"1311","wide hand push up","chest","pectorals","triceps","triceps; shoulders","body weight","videos/1311-JmMVpR3.gif","91044","images/1311-JmMVpR3.jpg","true","© Gym visual — https://gymvisual.com/"
"2363","wide-grip chest dip on high parallel bars","chest","pectorals","triceps","triceps; shoulders","body weight","videos/2363-O2K9Vb5.gif","81945","images/2363-O2K9Vb5.jpg","true","© Gym visual — https://gymvisual.com/"
"0858","wind sprints","waist","abs","quadriceps","quadriceps; hamstrings; calves","body weight","videos/0858-Qoujh3Q.gif","79213","images/0858-Qoujh3Q.jpg","true","© Gym visual — https://gymvisual.com/"
"1604","world greatest stretch","upper legs","hamstrings","glutes","glutes; quadriceps; calves","body weight","videos/1604-DFGXwZr.gif","129548","images/1604-DFGXwZr.jpg","true","© Gym visual — https://gymvisual.com/"
"1428","wrist circles","lower arms","forearms","hands","hands; wrists","body weight","videos/1428-2zNKRUB.gif","70789","images/1428-2zNKRUB.jpg","true","© Gym visual — https://gymvisual.com/"
"0859","wrist rollerer","lower arms","forearms","biceps","biceps; triceps","weighted","videos/0859-bd5b860.gif","85870","images/0859-bd5b860.jpg","true","© Gym visual — https://gymvisual.com/"
